-4.99189,-0.05136,-1.52176,0.49531,-0.26832,0.62189,-1.30643,-0.78252,2.16285,1.42819,-2.43987,1.04867,-1.02062,-0.47553,3.59903,1.89672,-0.28102,-5.97725,-1.19836,-2.58189
-2.21576,-0.51192,-3.97163,-0.74231,0.73490,-1.57396,0.00440,0.11511,1.52456,-2.07521,2.29967,-1.34517,0.05771,1.08493,-2.48325,-0.32059,-0.21063,-2.01586,2.27492,-0.39949
1.05687,0.46903,-2.10234,-0.62581,2.79155,2.35361,-1.19875,2.05531,2.75503,-2.41288,4.67593,2.99831,-1.42380,-0.91981,1.63991,-0.07861,-3.85316,-0.26109,-3.12932,-0.17933
-1.68059,0.30444,-0.25848,0.77771,1.44036,2.77497,2.26553,-1.04304,0.75773,-0.40300,-1.98090,-0.36049,1.29797,-0.05782,2.76110,2.11144,-0.44227,-0.03650,0.38200,-6.90867
-0.89058,-2.05898,-2.90952,1.31163,0.24908,-1.80463,0.29899,-0.81053,-1.04708,-1.40241,0.63908,1.82686,-2.48395,0.88422,1.18351,-2.38496,-4.14026,-3.87111,-0.30252,-2.16116
0.20955,0.27501,-0.06588,-0.07138,-1.52428,-1.00776,-0.15429,-4.13979,1.62357,0.28412,0.71214,2.12912,1.02581,0.64466,1.35701,0.82078,1.36191,-0.17016,1.65557,-0.66810
-2.56249,-0.82859,-2.14867,0.18424,-2.53771,3.63687,-3.81592,-2.21313,-1.44929,0.03893,0.50713,2.08652,0.87864,-0.75008,3.32500,2.57483,2.12232,-5.29475,-1.25231,-2.38660
1.14934,-2.53086,-1.11094,0.75953,0.05736,5.27700,-2.27682,0.56335,3.33169,5.03090,0.23978,1.46765,-0.41502,-0.19582,1.76864,-0.80063,-0.87274,-3.46859,-0.57583,0.89196
-1.21735,-1.11622,-2.13079,0.91986,1.17989,0.62634,-1.17846,0.59168,1.43467,2.47715,0.14282,1.25562,-0.85892,-0.29256,3.32869,0.51390,0.39585,-5.03802,-0.12787,-2.75684
-5.11991,-1.01812,1.94983,-0.07732,-0.16363,0.33977,0.75693,-3.70687,0.78282,1.86219,1.26050,1.92748,0.48945,0.21579,4.18912,-2.56513,-2.91985,2.09956,-0.84309,-2.57477
-0.63513,1.81574,-4.12157,0.55635,0.78403,1.83558,-2.00962,4.00747,1.38624,-1.43288,-1.40681,3.00328,2.54870,0.99377,1.34268,-1.98760,1.69679,-0.53209,0.77924,2.35611
0.31176,1.00208,-2.62210,1.21202,1.91030,-0.88581,1.55992,1.83340,-0.20020,2.20457,0.99513,-0.91378,-3.20342,0.33453,1.11362,1.44932,-5.03676,2.87641,2.87517,0.14427
-0.21963,1.49383,-2.61164,1.25757,0.36758,-0.50269,-2.57010,-0.00655,-4.15014,-1.31846,-0.35049,0.41017,1.48706,-2.51840,3.64609,3.48452,-2.28179,-0.01109,0.92994,-1.49157
2.10174,-3.16601,0.40352,-0.44184,2.19800,1.11477,-2.78568,-1.82143,2.12504,-1.68523,0.90245,2.32464,-1.82214,1.26877,1.68822,3.62941,-1.04491,-0.57336,0.73795,-0.73863
-1.69618,-3.71561,0.00399,0.22007,0.41660,3.13418,3.38934,-2.00025,-0.08708,-0.09847,0.53161,1.12331,-1.28087,-2.14909,1.14845,-0.04397,1.99168,-1.75083,0.81696,-1.88721
-2.54695,-1.98398,0.70243,-0.86269,0.61884,-1.22344,-0.41507,-4.61065,1.41410,-2.44463,-0.91233,0.82536,-3.97114,1.90555,4.51463,1.70103,0.67812,-1.96617,1.39520,-2.94020
-0.42638,-0.19291,-4.50211,-1.56864,1.04400,0.63827,-0.54700,1.10667,0.08504,0.68808,-2.45698,-0.28607,-0.31850,1.17875,1.23980,0.43929,-0.94781,-1.12068,-2.16206,-0.53758
1.27457,-1.57427,-2.67523,-0.99892,-1.50347,-1.44239,0.22492,-2.27640,1.80467,3.26051,-2.24374,2.92333,-0.35180,0.48158,0.35020,-0.02952,-4.62370,1.29864,1.90054,-1.86985
-3.74399,-2.49454,-5.59388,0.98601,-0.21495,1.20546,-0.47440,-3.50212,2.51756,-0.28718,0.04958,1.97128,-2.29126,-0.63135,1.96048,-0.69334,-2.22202,-3.10921,-1.43724,-4.47871
0.01498,-2.84627,-3.13708,-0.16358,-1.00382,-4.94438,-1.24521,-2.11899,0.07715,-0.49886,1.29053,1.71158,1.08171,-1.48972,0.25444,1.98531,-1.48629,-0.72447,0.86511,-5.60967
-1.32595,-1.30289,-3.21915,2.12216,-0.02081,4.57439,0.71350,-2.65198,-1.67239,3.27936,-2.64660,0.60271,-1.90276,-2.53108,2.62381,0.44308,0.73870,1.79497,-1.72067,-2.68592
0.09713,-0.65070,-1.18571,-0.31503,-1.42303,-2.65875,-3.41209,-0.60195,-1.37295,4.80406,3.05743,-0.94676,-1.05122,1.17642,2.53948,2.37281,0.86240,-2.85938,0.31986,-0.91384
-2.43184,0.84327,-2.33351,1.74570,0.48078,-1.71803,1.29330,1.00278,0.07694,1.01974,-0.04427,0.83065,-1.01061,0.12456,1.84455,-1.61238,-1.04577,-0.54409,-0.43305,-3.04827
-0.23921,-0.59919,0.28934,-0.00841,1.13310,-0.66012,-3.56432,-1.00022,-1.77053,2.32326,1.36819,2.30988,0.13132,2.06335,3.04971,-1.90789,-4.19137,-0.33331,-3.02241,-3.11033
1.01338,-4.06222,-2.57180,-0.26642,1.46625,0.22542,-0.18072,-0.80558,2.12650,-0.96760,-1.87973,1.91912,-3.57963,1.01347,2.13263,-0.32842,1.24352,-1.37765,3.00257,2.09420
-1.67328,-2.13117,-1.33056,0.85402,0.09603,0.33063,-1.21144,-0.29361,0.36573,1.13161,-1.99375,-1.25821,-2.49614,2.23179,5.43324,-1.94841,0.41310,-0.56104,-0.61701,-2.95798
-1.87374,2.02967,-0.31454,0.86198,0.29617,-1.81443,-4.72117,-2.49344,-0.92699,-1.13188,-2.27578,1.52879,1.02414,0.14131,4.92206,-0.50874,-1.93642,-0.45495,-0.88346,-3.22952
-2.61201,-0.87536,-5.98276,1.02967,0.07200,0.56256,1.47569,-1.05024,-0.59068,2.61302,-1.38676,2.20802,-0.32897,0.78511,-0.60431,-2.40884,-2.78315,-0.34058,-1.51715,-0.73055
-1.95819,-0.58028,-0.40370,0.04223,1.31257,3.25372,-3.59002,-0.78614,2.43567,2.44652,0.11952,2.01237,-0.05969,1.29758,0.49733,-1.51425,-0.95134,-0.70832,1.68087,4.03931
1.09077,-0.41992,1.47555,2.50638,-0.78164,-0.24089,-4.46075,0.15696,-2.39181,0.90781,-2.83581,1.91259,-3.07917,1.49270,1.59100,2.59638,-0.81378,-2.18070,-0.32085,0.95701
-1.25110,-0.42186,-1.37450,1.57354,0.52785,1.00481,-0.57691,-1.86129,1.14765,3.58596,-1.50617,1.11958,-1.09853,0.79127,2.85432,-3.93811,0.76757,0.17504,0.96220,-0.82052
-4.42330,-0.71403,0.38466,0.35087,2.84543,3.75613,0.88734,0.01081,1.63477,-3.99255,0.80727,1.06688,-1.57169,3.41865,2.10385,-2.44256,1.74696,-1.05042,1.01738,0.68314
-1.47848,-0.87551,-0.31821,2.26286,2.50996,-0.01101,-1.29929,-0.85015,-1.07533,0.44703,0.98084,0.87181,1.30819,-0.43071,3.63350,-2.13726,0.91214,-1.42676,-0.90052,-2.22399
-2.95760,-3.47180,1.74776,-1.73655,1.98596,-3.67263,-0.96892,-0.49678,-0.07713,0.21916,1.15950,2.79284,-0.30501,0.07942,-2.04835,-0.57617,-0.81423,-2.68125,-3.17633,0.76668
-0.52812,-1.95571,-5.60038,-0.70072,1.42612,0.28366,0.77997,-1.75734,-0.25388,-1.95967,-1.15261,0.34195,-2.54739,-1.45080,0.54710,-0.39218,-2.09564,1.83891,-1.89256,-2.39695
-4.19519,-1.10622,-0.39520,0.11497,1.98725,0.20588,-2.44313,-0.87680,1.26481,-0.00008,0.55769,0.17322,-1.49609,3.07135,-0.22838,-0.50415,-1.73884,-0.26356,2.47509,0.12163
-1.60219,0.48841,3.39380,0.83987,-1.38368,-3.24818,-2.91483,-2.44561,1.86266,-0.08925,1.95379,3.55792,0.00608,-0.48621,2.83640,2.09411,-1.01511,-0.31687,0.39707,-2.34519
1.81675,-2.89486,-1.17108,2.63007,-0.52613,2.32625,0.33314,0.01637,1.86897,2.66207,2.88445,1.16444,-3.40054,2.56980,2.44443,-0.53111,-1.62558,0.45363,-1.73060,-0.03978
-4.48887,0.92075,-2.98409,0.92640,2.83692,3.06317,1.17577,-1.91016,0.77590,-0.63327,-0.13466,1.91268,-0.10345,3.93577,1.96900,-0.35519,-0.35823,-3.34772,-0.62187,-1.06357
-0.51214,-0.72091,-0.72074,1.66093,0.01632,-0.57919,-1.48812,0.98773,-2.21106,0.71619,1.49406,1.46793,-0.15061,-2.83314,2.61653,-2.20121,1.20214,-3.14019,0.28983,-2.62907
2.36693,-2.69900,-4.33282,1.71942,2.83127,-0.24215,-0.47463,-1.53333,-0.73182,-2.47915,2.64584,3.20088,0.24039,-1.76428,-1.75121,1.33977,-0.41123,1.65543,-4.69889,-0.25497
1.26748,0.43390,-0.39783,-1.09287,1.73481,3.26954,-1.20869,-0.63022,0.18162,0.63064,-4.71146,2.83865,2.21238,-0.80455,0.51481,0.41815,1.22377,0.18552,1.50882,-3.03976
0.27622,-1.07066,-3.52853,2.18874,0.81222,-4.12983,-1.61503,-1.97517,2.19889,1.74535,-0.29215,-1.98130,0.68669,-1.56232,0.53669,-0.86136,-1.37483,2.15113,-1.26858,1.20842
-0.75264,-0.91175,-4.69900,0.27432,1.83200,0.55918,1.42459,-3.51473,0.20462,-2.42584,-0.90727,1.11332,-2.43294,-0.51718,3.20966,-0.56464,-1.32911,0.21107,-1.76341,-2.96766
0.38852,1.73676,0.04302,0.73483,-0.33822,0.55585,-1.50601,-3.90087,3.84511,3.10974,1.70161,-1.66852,-1.76232,1.12876,-0.73754,3.54815,-0.58758,1.66479,0.72630,-3.82624
-0.57712,1.36022,-0.31910,-0.35630,0.40865,0.15086,-2.15151,-0.97080,1.47365,0.41103,-3.18223,3.83754,-1.00967,-1.92432,2.33400,-0.22640,-0.25820,-1.63313,0.71888,1.77065
-1.75220,-1.23964,-1.63784,-2.35411,1.56213,-0.78287,-4.05591,-1.38204,-1.15197,-1.49936,2.03100,2.27110,1.08700,-0.08117,1.38331,-2.38104,0.37887,-1.20020,-0.37531,-3.66754
-0.98660,-1.63253,-0.95306,-0.31150,0.83162,2.78836,-0.93773,-1.69569,-0.61144,-1.10492,-1.46663,2.42549,0.26913,1.79455,0.78780,-2.59916,-2.85836,0.79659,4.25804,-1.54248
0.02264,-2.47211,-1.27344,0.94677,1.81294,-2.64560,-2.18342,1.47493,-0.94825,0.86940,1.69953,1.22205,0.23886,-0.60674,1.53243,-0.66570,0.10022,-3.06379,2.98271,-1.54598
-0.38029,1.03029,-3.34776,2.93947,1.08394,-1.18207,-3.65462,-0.72121,0.36776,-1.33460,-0.12042,-1.70910,2.47077,1.31098,3.61187,1.56338,2.27767,-1.28713,0.24277,-2.91918
4.05579,1.44015,-4.61334,1.15651,2.47358,-1.62292,1.15771,0.02339,1.21230,0.18443,4.85336,2.73630,2.79209,-1.95738,3.24204,1.88241,-1.73483,1.37653,-0.58993,0.55128
-0.09247,2.05685,-0.82603,0.38999,-5.39453,2.97153,2.37001,-2.00538,3.57023,1.92417,2.39582,2.34012,-2.82639,1.66269,2.98207,-2.41383,0.02441,-2.83762,-2.31847,1.58182
1.55220,-2.72731,-7.70386,1.17623,-1.50241,-0.36555,-2.57858,-1.06011,-0.58067,3.77715,1.47020,-0.13788,1.60464,-2.52116,5.97991,0.10080,-2.63238,-0.90148,-0.72254,-3.54724
-1.03722,1.62705,-2.83961,0.01760,0.96579,0.67297,-1.52079,-3.82754,-0.21544,-1.29479,-1.59105,-0.95558,2.17669,-1.54890,5.21605,-1.16404,2.76713,-1.19886,-0.32503,-3.59081
-0.07001,-0.80095,-1.86159,2.02875,0.28843,0.60363,4.18515,-0.98368,-2.54767,0.56588,0.24001,1.21880,-2.86228,-0.57111,3.70338,1.33235,0.08971,-3.78023,-1.34878,-2.61762
0.42297,1.40155,-1.85136,0.67041,-1.56710,2.36428,0.16309,-1.36642,1.09877,-0.24040,3.04879,2.53476,-3.72956,3.01206,2.11339,0.20378,-2.13282,-4.01092,0.60740,-1.07090
-0.53765,-1.04089,-1.57470,0.61911,0.30655,-0.71948,2.46761,-2.72987,0.33486,-0.43110,-1.74681,2.10885,1.87424,2.60765,4.16822,2.56254,-0.41559,-1.39750,0.28378,-1.77679
0.81957,0.69665,-0.51065,-0.88254,1.95669,1.10794,-5.27973,4.20469,2.74521,-0.78980,-1.50587,0.91407,0.71515,2.48593,1.66898,-2.47621,0.67269,1.77243,5.35284,-2.31970
-4.38413,-1.79323,1.20695,-0.86475,0.15881,-1.10841,-2.77040,1.90001,-0.08417,0.66688,4.22641,1.34537,-2.40241,-0.65114,4.14869,-2.11735,-0.10832,1.38857,0.26077,1.30356
1.73265,-1.13291,-4.20775,-0.27555,2.20854,1.15771,1.89198,-1.74028,-0.66958,0.27607,1.67412,3.66067,2.97006,0.36235,3.23475,0.86679,0.43316,-0.43324,-0.97119,-0.70592
-4.31829,-2.20820,-3.57239,0.78406,5.50804,0.79061,-4.43621,-2.45037,-0.10522,-1.30956,-0.49674,1.32788,-0.14751,-0.57271,2.98348,-1.04548,-1.28340,-3.45803,-1.27023,-2.86449
-4.60399,-0.30996,0.54491,1.66023,1.10297,0.66818,0.26989,-0.72270,0.69578,-1.64666,-1.89594,1.78392,-1.86790,2.02029,0.32725,0.44914,-0.75678,-0.83525,-2.29991,-2.68431
-2.47099,-0.83399,-3.53051,0.60403,3.86606,-1.38213,1.87178,0.66658,0.46575,-0.31352,-0.19709,2.83873,0.04192,-2.04876,2.20817,0.79166,-2.22952,-0.16674,-1.98256,-2.49868
1.53157,-1.84857,0.50675,-0.13561,-1.48894,-2.13599,-0.06029,1.58076,1.59966,3.52784,1.32276,1.94010,-1.67334,0.48909,-0.18830,-1.22796,1.42744,-0.83389,0.98385,2.02454
1.81094,-0.43888,0.76550,0.81597,0.30447,0.31458,-1.84394,-2.50605,3.08669,0.14026,0.96590,1.84391,-1.21660,-0.16915,0.30243,-0.45571,1.97290,-4.20489,1.48442,1.59359
1.94373,-1.85133,-3.57240,-1.28896,2.50776,-1.57873,-1.12721,-2.39510,0.87148,4.39403,1.40813,-2.80359,-1.32567,-0.16860,2.03392,0.29377,-0.90121,2.69116,0.74609,-3.71085
4.22477,1.22956,5.24410,-0.19141,-3.15340,0.13958,2.41194,-2.71873,3.50181,0.45967,3.20322,1.00195,0.32469,-2.16614,0.85769,1.50461,1.96856,1.06320,2.20197,3.05448
0.77783,1.30618,-3.62546,0.53760,-0.01581,1.75627,0.64229,-1.42624,2.88106,1.45493,-0.04115,3.43855,-1.00441,-1.48155,0.64698,-0.99606,-2.35435,0.25654,0.81614,-2.78146
-1.26507,0.29569,-0.37279,1.15746,2.08549,-0.01060,-5.36356,0.19458,0.33681,1.92514,1.77677,1.47187,-4.70254,2.99739,0.13722,2.64048,0.68665,-1.09421,-0.86543,1.20188
-3.58472,-0.45649,-1.17579,2.76338,1.67440,-0.11728,0.85824,-1.76886,0.92825,0.65406,2.05852,3.39373,1.09598,-4.58736,1.83992,-2.37649,-3.57431,1.77704,1.38883,-1.52910
1.76287,-1.36856,-1.79330,-0.50949,4.11262,-0.69870,-3.28299,-1.45066,-0.86610,-0.13561,-0.15445,2.01120,-0.67633,0.72940,-0.20059,2.31466,2.25702,-2.00529,1.69261,-2.84953
-2.14913,-0.08982,-2.34007,1.37336,1.72335,2.53297,-0.83547,0.15209,2.16809,-0.05004,0.72831,0.43083,0.56960,-0.03775,-1.14820,-1.38750,3.56945,-0.83053,-0.03611,-1.10499
0.44058,-0.36642,-2.67921,2.96319,1.41468,3.46899,-2.11690,2.01029,1.31058,-2.16777,2.07427,1.19780,-1.66307,1.42517,1.15431,1.43014,1.45986,-1.95187,0.30699,-2.19407
-0.07415,0.73310,-1.92013,1.68477,-0.17026,0.42973,-1.13781,-0.69602,0.94424,4.60986,1.61622,1.39580,-0.41319,-0.61789,-0.23566,-0.17315,-1.39202,1.27264,-0.04593,-6.16140
-2.85412,1.30801,-1.60229,2.46157,3.59788,-1.44045,0.06372,-1.58702,1.44992,-0.05291,0.28634,0.33299,3.67946,2.44170,3.14230,0.40662,-3.68080,-2.34823,1.38590,-0.85684
1.91190,1.83321,-1.79963,1.56244,-0.58880,1.62061,1.57530,3.57666,1.05124,1.80712,0.12862,0.35433,0.29508,0.02459,-2.04373,0.09889,-0.80315,1.01320,-0.00231,1.23847
-0.19985,1.27378,-5.72602,1.95437,-1.38219,-0.11599,-0.26103,-3.09364,-0.83729,0.40460,0.32604,-1.00788,-1.79501,-0.50189,2.39540,-3.10018,-1.89676,-1.88029,-0.83225,-0.77855
-4.82449,-0.11773,-1.08819,1.00272,0.92847,0.48030,0.65910,3.31920,-2.54777,2.85009,-2.79401,-0.57556,-4.87838,1.05651,0.97272,0.51979,3.32623,-4.90016,-0.80815,-0.83557
1.43554,-1.17074,0.81097,2.14105,2.84631,2.74218,0.78301,0.68731,0.16460,3.30703,-0.47554,2.01454,-3.78908,2.89991,2.48638,1.44736,0.78475,-1.52541,-1.43238,-1.96316
2.84125,-0.84502,4.43897,0.73561,0.23660,-1.54079,-3.35586,0.01254,-0.51651,-0.01598,1.29635,2.28032,-0.31191,1.49773,1.24322,0.76926,-0.69935,-3.03809,-0.95226,0.46411
-6.10299,0.25678,-4.69648,3.44450,-0.08323,0.32035,0.46257,-0.43439,-1.18217,-0.87892,1.50371,1.70445,-0.23995,0.55040,2.54065,1.78913,-0.66665,-3.16020,-3.90001,-3.48018
-1.08044,0.23532,-1.06019,0.19284,-0.19027,0.18676,-1.75367,-1.17215,1.28601,-3.59091,2.65642,0.41506,-0.13476,-2.35737,1.87157,-0.77574,2.35007,0.40572,1.81007,0.68969
-0.43602,-1.06723,1.06322,3.60810,0.91589,-0.61795,-0.39310,0.67318,0.84364,0.26696,-0.46559,-0.60905,-1.73069,3.51671,2.74181,-3.83800,-0.22658,1.26573,-0.08604,-2.82353
-4.51179,-0.12898,-2.14116,0.35103,0.49822,3.17951,-1.07998,-1.33682,0.88435,-1.34296,-1.42491,3.18920,1.24057,0.25656,4.19318,-0.88655,-1.14834,-0.29569,-2.72597,-1.34457
1.29957,-3.43035,-0.02676,2.43016,1.37089,-2.01077,1.59237,-2.31669,2.70137,3.36224,1.12639,3.29302,-0.57738,0.85816,1.56294,-0.75348,-0.00953,0.46322,-1.06015,-2.49563
-2.65798,1.51835,-1.73186,0.60778,0.76405,1.55757,-2.25549,-0.17542,1.04350,-1.58275,0.87370,0.17246,2.63742,-0.02890,3.49641,0.52765,-3.23678,-1.51197,1.74403,-1.45057
-2.31059,0.56527,-1.30136,1.07345,3.92253,-1.29961,-0.77677,-2.78052,0.31707,-1.74428,2.78171,2.53713,-1.09721,-0.29384,4.10901,0.53347,-0.49828,-1.61957,1.67066,-1.36288
-2.52236,-0.85784,1.75942,1.40760,-0.59981,1.13621,-1.69113,2.26549,1.33864,0.15291,0.76657,-1.10850,-0.85656,-0.61282,3.33050,-0.88524,2.48163,-2.92648,-1.01101,-3.37838
-1.25011,1.24930,-1.17334,1.92498,-0.57682,1.66966,1.62045,-0.55646,-1.47769,4.67020,0.40579,1.56705,2.57378,-2.71277,2.00776,1.08652,-1.72126,2.12445,0.64201,-2.07240
-4.68170,-0.30694,-6.06657,0.47569,1.25648,3.13845,-2.17365,-2.36008,1.44033,-0.12377,0.49255,1.93305,-3.88070,0.61111,1.58273,-1.03756,3.46444,-1.50698,0.72099,-0.80501
-0.22811,-3.59926,-2.92377,1.01381,1.55766,1.45931,-2.02764,-3.02940,0.56137,0.64766,1.13640,2.03825,-1.92428,2.06842,2.51587,0.84805,1.86115,0.50347,-0.97384,0.69140
3.57074,-4.57129,-4.22353,1.00468,-0.16124,0.35062,-0.87707,-1.04909,1.62306,-1.67189,-2.64360,1.37862,-0.44326,-0.09659,0.66015,2.25687,1.24555,0.42410,-2.70681,-2.25851
1.10638,-2.19291,-4.04707,-0.70114,0.00175,1.58486,-1.75649,-0.61498,-1.07960,-2.09928,1.73872,1.65082,0.10532,1.40785,0.63722,-0.52195,0.28723,1.52403,0.57447,-2.46518
0.20792,-0.30815,-3.50982,0.76166,-0.25636,2.17395,0.54603,-2.39287,1.47731,2.95609,-1.37836,0.63277,-0.72312,-0.16929,3.00526,-1.13850,-2.19942,1.62046,-3.58596,-1.24835
-5.15150,0.40329,0.45894,0.06726,-0.58112,-1.99602,-0.35459,-0.45692,-0.14161,1.50955,0.71747,0.94317,-1.16384,1.55041,2.17868,2.00289,3.98573,-0.63652,0.15240,-2.25497
-5.03147,0.59220,-2.73562,0.89408,1.54229,-2.87678,0.05018,-0.87650,3.71313,1.60572,2.59216,-0.26363,-2.16684,0.50596,3.44040,-2.27938,1.05362,-1.42096,0.04143,-1.59138
0.13657,-0.59565,-1.78957,1.12014,0.78828,1.56859,-2.10919,0.21443,1.52476,-1.23376,-1.55153,3.13846,-0.17424,1.16271,-0.26166,-0.86625,-0.53759,-0.94884,-1.18989,-1.03479
0.11996,1.00851,-0.42489,0.93805,0.40275,1.22925,-2.26522,-0.09802,-0.31873,1.97473,-2.11938,2.00580,-0.33665,-1.28052,1.20750,-2.41628,-1.23999,-1.69336,-0.10611,-1.69027
-7.00566,-1.37369,-5.41736,1.89753,1.84021,2.65809,0.48841,-0.32964,0.38510,-0.16308,1.65857,-0.00797,-1.55612,1.83642,1.82773,0.93180,-0.34179,-2.14714,-1.30064,-3.05093
-1.70439,-2.88176,-1.48101,-0.76625,1.93994,3.57371,0.67310,-2.47988,1.94183,-0.64884,-1.77169,1.71176,-0.70643,0.45326,2.20349,-1.34566,-0.84499,-1.04851,-0.97411,0.59039
-3.26556,-1.91293,1.38560,0.19780,0.47395,1.33376,-0.85114,-0.36996,1.02387,-0.41331,0.01527,1.66138,-2.52907,-0.52449,-0.79061,-2.59932,0.17354,-3.44501,0.87147,0.08943
1.94409,-0.38009,-3.01810,2.29382,0.28046,2.74849,-1.34959,-0.38233,2.01235,-1.45122,2.13949,0.81045,-2.90131,0.41845,3.67150,1.71075,-2.03752,-1.06894,-0.38388,0.48748
0.14335,-0.26027,-1.40128,0.58356,2.28192,-0.65047,-5.88811,-0.20731,-0.52129,1.11860,3.96608,1.99376,-1.18306,-2.37886,-1.00467,0.56873,1.67889,-1.98081,-1.28003,-0.75028
-0.85051,1.76983,-0.06687,1.06645,2.47219,0.79809,-4.08097,1.31936,0.07880,0.54122,1.48181,-5.88976,-0.65393,1.09130,1.42524,0.74962,-3.29240,-1.03570,1.71564,1.71930
-1.43875,-3.42193,-1.21446,-2.27362,-0.74062,0.83417,-2.99050,-1.35238,1.15906,0.73752,0.74330,1.80201,1.05954,1.02183,0.19606,-0.26372,0.41874,-3.54185,-1.67529,1.28537
-0.65210,-2.38090,2.37121,0.97296,1.56503,-0.92422,-0.70223,0.49001,-1.56742,3.25565,3.90217,1.34216,4.46289,-0.81780,3.97893,-1.07903,-1.00530,-0.00070,-0.54429,-2.12697
-0.98171,1.60042,-1.82565,-0.11774,-0.14495,-0.84369,-3.65425,0.01137,2.09910,-1.33428,-0.33705,1.71290,-0.31852,-0.91664,2.90844,-0.59415,-1.43726,0.23224,1.01477,-0.46960
-2.47328,1.27642,-2.79532,1.63584,1.11521,-0.67029,-1.43321,-3.29905,0.04879,-2.79711,-1.16641,-0.98205,-0.32603,0.30719,2.14745,-0.38257,0.83142,1.05028,-1.42779,-2.11166
-3.50837,-1.66031,-0.27187,-1.51347,-0.38897,2.04056,-2.85842,-3.66257,-3.21470,-1.61173,1.28911,0.77485,0.90176,-1.76747,0.48466,1.66167,-2.18186,0.98813,-3.85812,-2.20263
0.02740,0.58220,-3.04386,-1.06341,1.78128,0.05575,-1.38084,-2.58977,2.24873,-2.03008,-0.02060,0.81411,-0.21772,0.73598,2.37569,0.58221,1.24146,-1.72759,0.25713,-1.18210
0.84514,0.67355,1.06208,1.02502,-1.00264,3.37313,-1.29822,0.33790,2.47577,1.78143,-0.49455,0.94217,0.26947,0.89593,2.25568,3.74774,0.08070,1.22615,3.31623,-0.33686
-1.81856,1.29502,0.05838,-0.51011,3.24513,2.90343,1.64821,-0.52819,2.38143,0.12481,-2.96397,2.89964,-1.43049,-0.25473,3.14567,0.21013,3.64356,-4.71117,-1.23208,-0.40474
1.06663,-3.04554,-3.89493,-0.16558,-1.32902,-1.23055,-0.82846,-1.65577,3.21331,-2.62922,0.89070,5.08637,-2.96324,-0.71143,2.04881,0.02559,3.24123,-1.50258,1.23221,-0.82183
-4.02020,-0.70730,-3.44892,0.98742,2.43737,0.43878,-1.75769,-0.75190,0.65618,-0.02575,0.67869,2.57964,0.82040,-1.13131,2.20848,3.48683,-2.18695,-1.32215,1.42148,-2.33473
0.63364,1.07171,-3.59052,0.94147,1.59710,0.70672,0.65883,-2.22267,-0.49671,0.36529,3.11558,1.41277,-2.52078,-0.97272,4.05786,0.11505,-0.24410,-3.65692,-2.02535,-0.57316
0.05631,-2.22930,-4.67879,1.61754,0.32673,0.98715,-0.98955,0.87962,2.97231,-0.60308,-3.47477,1.18552,0.63249,4.16100,1.30233,0.60315,-3.17958,0.17440,0.85871,-0.26967
-2.66890,1.00705,-4.81989,-0.04950,-0.12882,0.09177,-1.36906,0.39090,-1.70303,1.05595,-0.37524,-0.55678,-0.16438,2.30150,3.89337,-0.19467,-0.88284,-4.26563,-0.28941,-3.05354
5.78963,-0.41426,1.12788,-0.54718,-1.37866,-2.65238,1.34943,-3.09402,0.89020,-0.16538,2.26244,3.63302,-1.02636,-1.80961,2.02847,-0.40152,-2.52342,2.34166,-2.93577,-1.03371
1.76230,2.23847,-4.10826,-0.67047,1.37721,3.67679,0.89352,0.00290,3.81949,-2.26506,-2.52409,0.65914,1.77908,3.63719,-1.89341,1.66087,2.44048,0.62744,1.58909,-0.41610
-2.95523,-0.75230,-2.53003,1.36149,-0.88738,0.14126,0.28602,-0.82960,3.10067,0.71804,0.39125,1.88252,-0.36079,0.28211,3.29305,-1.94158,-1.00542,0.28087,0.51341,-3.70274
-2.88112,-2.21386,-4.98001,1.60957,0.24824,-0.23479,-0.00920,0.29606,0.50784,-0.39657,-0.84677,1.62541,-1.70105,1.88990,4.07158,0.87626,-1.64132,-1.02173,-0.07879,-4.00977
-4.24987,-0.65845,0.72485,0.17696,2.09009,0.86512,-1.97052,0.61278,-1.13752,2.04396,-2.38540,-0.79658,-3.44317,-2.49629,2.01383,-2.61757,1.22213,-2.50598,0.43543,-2.17435
-5.42675,0.24757,-2.97219,1.14347,2.55159,-0.32989,-0.98567,-1.91942,0.23962,-1.72865,-1.64660,1.75410,-0.60064,0.74377,1.44077,0.55508,-1.61585,0.61483,0.61583,-0.85470
2.40527,-1.93302,-5.27066,-0.31968,3.12905,-0.11594,0.38000,0.47587,-0.65309,-3.79448,0.08679,0.63359,1.43731,-0.77373,0.42710,1.13376,2.86330,0.09393,-0.02386,0.17020
-4.03452,-0.37155,0.43198,1.06503,4.21546,0.99051,-1.29748,-2.49464,1.30001,0.42932,0.36055,3.25874,-1.35006,0.47157,2.66652,3.79120,1.04305,-0.25898,-3.54957,-3.42584
3.90807,-0.05891,-0.12123,2.59734,2.67892,-1.23349,-1.75926,2.54536,-1.18880,3.36828,1.15172,1.35652,-1.13478,-0.43059,1.25757,0.91969,2.71009,-3.92474,-1.37821,-0.30148
1.71356,-0.53975,-0.81210,2.17663,-0.34984,-0.46266,-1.48007,-2.06744,2.09197,-1.33056,0.43932,1.83278,-2.97715,0.23697,2.08811,0.74646,-2.46080,-1.46956,1.34973,-0.13456
0.25178,-1.59093,-3.35585,1.52652,1.82315,1.88904,-1.43276,0.80571,-0.59844,1.02310,-0.57033,-0.99555,0.02178,-0.63763,4.26428,1.02040,-3.57975,-0.55070,1.13446,-2.49628
-0.54412,-1.50363,-2.56807,1.08643,0.70841,2.12037,-0.99151,-2.32418,-1.08987,-0.00044,1.42384,0.19454,-1.52473,1.04878,3.23651,-0.62364,-1.08653,0.21954,0.51465,-2.10834
-2.91617,-0.22740,-1.42014,1.49476,0.40647,0.01851,-1.56354,-2.88613,-1.04020,0.56836,4.62736,0.22704,1.61147,0.74151,3.29247,-1.04045,-2.44260,-0.06810,-1.03224,-1.29006
0.30114,-2.78923,-0.43636,-0.45471,0.44442,1.30224,5.27785,0.09599,3.11336,0.29204,4.47609,-0.35546,-0.17448,-2.61761,1.83952,0.58717,0.31180,-3.23691,-1.39154,-0.22893
-0.18044,-2.18137,-3.15199,1.68961,0.99858,-1.22425,-1.04555,-0.19815,1.69284,1.29445,0.35578,2.90251,-0.90165,0.77087,1.34630,2.08995,0.19459,-0.93930,0.24772,-1.87514
-1.46320,-3.31052,-1.29595,1.30187,-2.08617,0.43307,0.17782,2.34733,0.97633,-1.86879,0.41912,-0.87043,-1.38972,1.71893,2.14079,-2.14462,2.09582,-0.69146,-1.97133,-1.24189
3.71624,0.08784,2.83386,0.02616,-4.18100,-0.15335,-1.24366,0.15421,-0.19152,-0.52798,-0.31087,0.22432,-0.51882,2.25030,0.28187,-1.36204,1.61909,-1.49177,2.98165,1.03796
-3.44815,0.41327,-3.37513,0.99081,2.97454,0.64685,-1.34140,-0.33478,0.05024,4.31132,-2.69825,0.19794,-3.03917,1.27842,0.18630,-0.43493,-1.83795,2.52609,0.55114,-1.90471
-1.84104,-1.21856,0.83324,1.93522,-0.86620,-0.58379,0.55314,-2.44026,-0.53099,0.51019,-0.36125,1.30523,-3.06183,-0.24005,1.13346,-0.55773,0.54300,-3.75726,-2.16231,-2.68951
3.33506,-2.68396,-3.04916,2.45672,2.89188,-3.08712,-2.23833,-1.30560,0.93914,-0.71591,-0.82577,3.54435,1.77670,0.40538,0.41545,0.51143,-0.05740,1.68707,-0.79950,-3.70682
3.83594,-1.66250,-4.58371,1.89801,-0.69093,-0.19615,-2.62244,-3.18233,1.59533,0.18200,0.49617,3.86787,-0.34933,1.26940,-0.69181,-2.11134,-0.15597,1.94901,-2.72120,0.55629
-0.94050,-0.40801,-1.42212,0.60519,2.54171,2.05579,-0.98088,-2.71893,0.15395,0.34472,0.54735,2.61412,-2.20511,-1.94141,1.19399,1.48858,-2.13450,0.00044,0.58995,-1.40074
1.70440,0.00764,-2.80254,-0.17184,3.00028,-1.40682,-0.96029,-0.76943,-1.66719,-0.39910,1.99927,-0.14454,0.04624,0.15631,1.82797,0.55280,-0.30353,-0.67423,-0.72022,-0.63995
-10.72160,-1.01095,-3.42379,-0.29901,0.50731,1.55463,-1.25267,-0.71279,0.21743,-1.21151,-1.34756,0.15560,0.99869,-1.01543,0.46175,0.20733,3.41945,-2.29827,-1.25874,-1.95593
-4.17395,-0.36890,-1.34466,1.92396,0.61288,-1.48360,-1.73286,-1.68940,2.75560,0.59363,-1.25713,-0.95774,0.54615,2.17098,3.88694,2.16500,-0.35508,-2.62972,-1.32840,-3.96796
0.15202,1.88795,-3.99256,1.53609,2.25272,-0.38563,-1.01923,-2.44228,2.31147,-0.05999,1.78309,2.56447,0.77938,1.21481,3.14107,0.40991,-0.15942,0.00044,1.93090,-0.03081
-3.45620,0.40836,-0.91065,0.18573,0.88797,1.12260,-0.34475,-1.74088,-1.77284,0.09954,-0.86186,0.59833,0.01654,-0.25000,0.84719,3.75256,-1.36444,-2.09683,0.84531,-2.90391
-3.67230,-1.93592,-3.77011,-0.29989,0.93269,-1.37279,0.23572,-1.41856,3.80762,1.35856,0.41143,1.44590,1.71063,-0.00166,-0.70706,2.91816,-0.29764,-1.84598,-0.19961,1.09628
-2.26740,0.34471,-4.78815,1.88350,0.00096,3.07443,-0.98672,-0.11639,0.03238,-1.33751,-1.32982,-2.60971,-0.09348,-2.64606,1.89714,3.44570,-2.12607,1.36722,-2.05122,-2.22728
0.20890,-0.69414,2.50565,0.82604,-1.19312,-1.23274,-2.02962,0.10334,-5.15769,2.15099,1.18046,1.16568,2.31713,-1.37702,3.26498,1.40114,-0.73110,-0.91642,1.75837,-0.57595
-2.25566,-2.30880,-4.19740,2.32857,5.35434,-0.90485,0.44793,0.03723,3.30980,0.68078,2.80199,0.98402,-1.47661,-2.39071,2.90982,-0.66652,-0.70306,0.64071,0.53951,-1.07056
-2.24257,-6.50186,-0.33706,1.37711,-1.07503,-1.12619,1.10392,-1.89516,-0.63673,1.43553,-1.53640,5.29728,-1.34219,0.92521,3.48839,-0.72937,-1.36876,0.45657,-3.54050,-0.05985
0.36826,1.73750,-0.81546,-1.70925,1.31901,-2.84712,-1.24412,-1.40803,-0.38229,3.19450,-0.16841,2.15362,6.77356,-1.64686,2.41155,-0.53763,-0.54156,0.92578,-3.01662,-2.74228
0.05118,0.19919,-5.78296,-0.09446,-1.50194,-0.03082,1.64921,0.45839,0.99083,6.24178,-0.57873,-0.02031,2.08183,3.14303,2.16798,-2.27735,-2.82842,-0.02978,-0.32383,-2.28556
5.57476,-4.59144,-1.18052,-1.87140,-3.50116,3.22519,4.32499,-1.42722,2.00609,1.65159,1.83771,-1.45392,0.57388,-1.21793,0.37976,1.85268,1.04884,0.93768,-3.53253,-0.65079
-2.57454,0.38285,1.35691,0.88742,2.15467,1.66770,1.87802,1.26026,1.72362,1.79169,1.07481,3.42220,-1.67064,-0.25061,-0.03146,-0.02290,-1.66853,-1.69279,-1.59908,-0.04638
0.73479,-1.75316,-2.31930,1.74658,1.00902,2.69513,0.02748,-2.43173,-0.86880,-1.12171,1.23644,-0.44201,-0.39429,2.21801,1.13962,-1.70485,1.00954,-1.69707,-1.56475,0.58360
-2.53844,1.67008,1.28917,1.16711,0.12120,3.23120,-2.61850,0.14510,2.31751,0.90140,-0.12295,1.32514,0.91015,-1.76670,1.73318,-1.60216,-4.92855,-0.59005,2.87346,-3.19504
1.22588,-1.53233,-0.44713,-0.26043,-0.81147,0.23109,-3.26135,-1.29630,0.91124,0.57411,0.37487,1.61367,-0.15846,1.09138,2.82840,-0.35741,-2.25519,1.51178,1.74594,-2.97364
-1.73939,-0.38201,-2.33804,0.58782,-0.17310,-2.22563,-1.96208,-4.67749,1.12767,0.85964,-0.67687,0.93264,-0.89134,0.62032,3.18124,0.63940,0.07042,1.11614,-1.62753,-1.36345
-3.41938,1.63321,-2.69179,-0.19663,1.68127,2.87852,0.15085,0.14592,2.42686,0.21048,-2.35076,-3.03906,0.40357,-1.91841,1.98887,0.68134,-0.32630,-0.25184,0.19871,0.86750
-0.14736,-1.87337,-1.55053,0.33355,0.17041,1.07186,-1.18645,0.97979,-0.35996,1.13434,-2.96311,0.92682,-1.55156,0.60932,-1.65509,-1.30418,0.49804,-2.76317,1.91411,0.08066
-0.55343,-1.18882,-4.53287,-0.05740,-1.42727,0.42289,-3.19847,-1.17948,-1.10213,-0.27313,3.61488,1.51279,5.66155,-1.34369,2.31849,0.18127,-2.31544,-2.91268,2.47316,0.08527
-1.42971,-1.33116,-0.85439,0.78701,0.20985,-2.17508,-0.90791,-3.48982,0.70430,0.20258,0.15704,0.01520,-2.46964,0.96819,2.14432,-1.78654,2.05526,-2.24021,-0.09220,-2.74751
-3.60864,-0.99890,1.34941,-0.26516,-1.61496,1.91346,-1.42044,-1.82279,-0.09284,-2.41915,0.34658,2.01098,-0.48222,1.93317,1.74197,0.78197,-1.12306,-0.20237,0.16253,-3.43243
3.81326,-1.23855,-1.14300,2.54324,-0.37157,0.49310,-3.30557,-0.73099,4.00970,0.78593,-0.10689,1.55453,-3.79031,-0.26060,2.52014,-1.75355,-0.17659,0.60389,0.03099,0.49325
3.49746,-1.72306,-0.32893,-0.78107,1.67684,1.01720,-0.99448,-0.17344,3.01611,0.25866,-0.13058,1.78864,-0.51734,0.07882,0.15694,-2.30704,-0.69351,4.76893,0.91195,-3.09120
0.79602,-2.51609,-2.91719,0.52524,0.57673,-1.49518,-1.93452,1.08415,-0.16174,-1.31844,-2.95340,3.10488,-1.83885,0.79069,2.08584,-0.74377,1.87395,-0.30451,-0.97853,-2.03058
-2.46173,2.23509,-5.57920,-0.79968,0.69077,-1.02438,-2.47821,-1.05240,0.76365,2.70653,-0.04454,-0.92767,-1.67377,1.84202,3.15956,1.20780,-1.86708,-0.72314,2.67532,-1.59039
3.62738,-2.13386,-0.29067,-0.13059,1.62040,4.16072,-2.62320,0.80399,3.70014,-1.57748,-2.15042,4.22774,-1.27328,1.86674,1.88128,-0.97608,0.66394,-3.58290,1.23322,4.72138
-3.14523,-2.27193,-0.05447,0.77390,3.43484,-3.63112,-2.17107,2.65504,-2.30382,0.69861,4.74414,1.98586,4.59315,-3.37242,1.83349,-0.10044,0.07127,1.31028,1.89568,-3.20096
-2.56304,-2.01409,1.24655,2.67321,0.90877,-3.29063,0.91870,-1.30565,-1.06303,1.12726,0.62634,-0.02605,-2.68190,-0.29255,2.84608,1.97417,-0.18624,-2.72067,0.95749,-3.03024
-6.98510,-0.60190,-2.46158,0.71301,2.39880,2.82195,-1.67308,-1.49799,-2.21573,-1.56465,-0.95236,0.85772,-3.88694,-1.66878,1.56195,1.92180,-2.81055,-1.79432,-1.28151,-4.45184
-0.92704,-3.06690,1.85745,0.21757,0.56588,-1.59305,-2.03404,-2.20847,1.41446,4.02785,4.73243,-0.08665,5.52421,-0.53056,4.20302,1.35401,-4.70985,1.16712,1.48233,-3.24052
1.21501,0.32146,-0.40617,0.28665,1.12959,2.93909,-1.91598,-2.75309,0.01276,0.70978,-3.54444,-0.93440,-1.98073,1.32240,-0.32794,2.48888,-1.44669,0.72105,1.07104,-2.16685
0.05785,-1.87660,-1.48984,0.51639,0.25046,-1.07670,-2.52340,-1.36624,0.74843,0.17570,-0.12425,0.67722,-0.57550,1.51644,2.83607,-1.74258,2.53818,-4.50827,0.59897,-2.69428
2.24728,-1.72419,1.43179,1.11551,0.05386,-1.23131,-1.76767,-1.56636,0.53878,5.88163,0.96266,3.20787,0.78113,0.93259,3.17959,-1.51236,-1.13666,0.08344,0.54204,-1.90586
3.98042,0.46561,1.32810,-0.58774,-5.24717,1.91407,-1.95679,0.08223,-1.13092,0.10963,-0.01216,1.90301,-0.62798,-0.90990,0.18364,1.60857,3.01277,-2.09340,1.59154,2.50955
0.39288,-1.18814,-6.69633,0.79226,1.33460,-0.70203,-0.54964,0.66526,-0.75713,2.28310,1.14657,2.56774,1.09057,-1.58560,3.05297,-2.15824,0.00183,-0.85940,-2.01439,-0.90049
1.06367,-0.66908,-2.59234,0.55073,1.72288,2.97491,-0.55540,-3.02682,0.45426,-0.60082,-0.48240,2.92303,-1.81812,1.62794,1.14641,-0.33921,-1.87801,1.95394,-2.35048,-2.72806
2.34571,2.60159,-2.65466,-0.70803,1.86870,5.23000,-1.90600,-0.17098,-0.43994,-0.05654,2.27529,3.38843,0.07477,-1.35316,-1.37956,-0.42488,-1.26409,-2.07158,-1.34967,0.03189
1.08395,-3.86979,0.47440,1.19205,1.81692,-0.51347,0.15344,2.09850,2.07628,1.48194,-0.45795,2.37390,0.97129,-0.20008,5.57376,2.09382,-0.75155,-0.48915,-1.24542,0.31519
-0.64663,1.97784,0.27670,-0.21004,-0.59418,1.06490,-0.12014,-3.74222,0.13930,2.53721,-0.26185,-0.31109,0.88754,3.49145,-2.11420,1.27882,-3.32743,2.94977,-1.74606,-3.53491
-2.46621,1.40708,-3.44442,1.44478,-0.20252,0.15587,1.34554,-2.26010,-1.66623,1.78783,0.30693,0.35173,-0.34469,1.63860,2.36411,-1.05995,-3.84902,3.14752,2.04879,-4.13956
-5.26142,-1.12988,-3.02114,2.56619,-0.22444,0.84921,0.73315,0.11363,-0.30025,-0.38888,-2.05370,0.56470,-0.87126,-2.44294,1.52362,-0.20177,-1.31343,-0.38260,0.26200,-1.29223
-0.21564,1.08707,-2.71535,-0.69565,0.32913,1.07429,-0.02802,-1.61337,-2.27694,-0.07371,0.75270,1.67679,-0.62685,0.26659,0.58204,0.71988,0.60606,1.62620,0.13008,-4.50854
0.74331,0.42572,-0.00482,-0.56387,-0.48401,-2.72827,-3.23799,-0.85817,-0.31437,2.13722,2.89685,1.97708,-1.08336,-1.46276,0.64469,-0.34231,-1.13356,-2.73617,1.37119,-0.08754
-0.12048,0.93658,0.34699,-1.78723,1.06100,1.91721,-0.49479,-1.04087,2.09102,1.35283,-0.35451,1.41149,-4.63017,-2.09736,3.22849,-2.79386,1.21980,-4.60965,-0.09113,1.29223
-9.22584,-1.83016,-2.67845,0.84353,-1.55918,-0.56189,-1.19346,1.29764,0.08850,-1.03416,-2.30185,0.69352,-3.45544,0.79847,2.10222,0.95248,-1.69589,-4.66546,1.21215,-2.55209
-4.27777,-0.67532,-1.04810,2.84614,1.81296,-0.13323,-0.08553,-0.34267,0.77526,0.41689,-2.55372,1.99486,0.59678,1.17735,2.36640,-1.50098,2.14234,-2.57123,-0.51872,-4.41414
0.65130,-1.58580,-0.28206,0.13195,-0.28469,2.44526,1.97030,-0.68345,1.29092,-1.80157,0.21805,2.55275,-2.59858,-0.15058,2.46323,0.72144,3.58419,-3.48983,-1.16557,-1.76408
-6.88355,-1.28791,-1.92831,-0.76129,1.09951,2.16614,-1.42512,-1.98789,1.47051,-0.44205,-1.28176,0.64189,-0.54890,0.20362,2.66821,1.07365,-0.30386,-0.02241,-2.45592,-1.47640
-4.43951,-1.13474,-1.65470,1.09717,1.00013,1.74849,0.22311,-2.25512,0.29417,0.85300,0.42238,2.40234,0.82875,-0.43024,3.49162,0.38194,1.59729,-0.71466,-3.15346,-2.19165
-3.66063,-3.48989,2.58524,0.47618,-0.63193,-2.47440,-1.54234,-0.72185,2.15348,3.85108,2.32888,1.53150,1.62155,-0.94051,3.83233,-0.14199,-2.87684,-0.59274,-2.00632,-2.84721
2.91114,-6.36123,-3.80542,-0.92639,3.39206,0.03673,0.86862,-3.65106,3.04491,-2.50637,1.94505,-0.24040,-0.79777,-0.76144,0.24769,2.15068,1.29164,2.74338,-1.87429,-2.42855
-0.04800,0.60079,-3.54202,1.06358,0.88599,0.05378,-0.53089,-0.96902,-3.77193,1.18071,-2.53460,-1.25527,-0.95476,-1.29161,0.85679,0.70963,0.04374,-0.41895,-0.41403,-4.91613
-4.02724,0.20355,-1.29450,1.94927,1.42960,-1.68755,-0.24193,-0.12427,-1.25564,0.92176,-0.56324,1.24371,-2.60324,-2.48588,2.30764,0.02208,1.15261,-0.99384,-0.49081,-0.57945
0.31965,0.19772,-1.93164,2.30336,-0.45703,1.60317,0.87254,-0.21349,0.71765,2.55796,0.23503,2.03830,-1.38880,1.36908,0.00597,-0.51129,-1.78968,3.28960,1.90121,-2.15610
1.53656,-1.82784,0.40380,1.70111,-1.32451,1.13821,0.33758,0.97046,0.08128,0.99945,0.20164,1.08569,-3.59514,0.78715,3.04069,-1.18112,-1.63280,0.55094,-1.45308,-1.67384
0.63409,-1.46853,-0.20022,-1.82882,4.46722,-1.15088,-1.37864,-1.50196,4.28638,2.07350,0.19737,0.73123,0.62899,-1.33046,2.34980,0.43366,-1.79800,-0.47666,0.25119,-0.73582
-0.04636,-0.97964,-1.54779,0.46666,0.10124,3.40306,0.07772,-1.44970,-0.00981,-0.10393,-2.54699,-0.55768,-3.29883,2.26400,-1.36835,-0.76575,-0.97102,0.23916,0.92586,-2.03268
-3.53191,1.59329,-2.79809,0.27925,0.09653,-1.35367,0.01394,0.08427,-0.34162,2.73599,-1.72319,2.03962,-0.84614,-2.10787,1.14648,-1.22537,-4.41215,3.04858,-2.18091,-4.10200
-0.18806,1.03571,-0.31669,0.83690,-1.98982,1.72758,-0.05668,0.23358,-0.69663,1.44781,-2.19112,2.04739,2.28114,-0.06500,2.73521,1.05933,-1.48838,-0.09016,-1.30116,-1.06442
1.30177,-3.14063,-1.76779,-1.80281,1.92875,1.05877,-1.52003,1.96158,0.92512,2.06309,2.32336,0.54437,3.45518,0.68969,2.67225,0.73143,-3.69421,-1.22100,1.44648,-1.10029
-1.81212,-5.10996,-1.14175,0.24961,0.01224,0.37615,-0.74798,0.32270,-0.87140,3.40864,1.98897,2.70053,1.34363,-2.01838,-0.17779,-3.03841,-0.05382,0.09104,2.08194,0.28597
-7.44367,-2.01844,-6.20484,2.15896,-2.07845,-1.93747,-0.85377,-1.05709,-0.51642,-0.59932,1.27038,-0.21256,-3.62734,-0.14531,3.46308,0.62381,-1.27651,-1.27382,1.02211,-1.76546
2.77978,-4.43470,-2.04683,1.10098,0.57026,-0.26548,-1.49474,0.02792,2.15113,1.79437,1.75681,2.10095,-2.19567,0.34555,0.68535,1.40559,1.09420,2.48607,-3.73013,1.09586
-2.92146,1.23064,-2.48523,-0.42025,0.83747,-2.55064,-1.34722,-1.04958,3.15333,0.50709,0.14612,3.10186,1.05760,-1.19571,3.71312,-0.38736,-3.28478,1.17821,-2.23926,-4.56407
-4.28945,-3.30177,-2.92786,0.04424,1.81923,-1.54465,-0.62304,-1.74637,-1.75022,-2.29251,2.11274,-0.17687,0.79126,1.18422,1.85853,0.70124,0.99633,0.15085,-2.37316,-1.77151
-8.10118,-1.36321,-1.44391,1.43357,2.16270,3.56797,-3.13801,0.92605,-2.13974,-0.99922,-0.26757,1.33003,-0.51921,0.22966,1.65845,-1.00789,1.66003,-4.22047,-2.55542,-5.14132
2.42336,-1.85409,4.85734,0.28408,-3.60135,0.44921,-0.43205,-4.58619,-2.72327,2.39335,3.45752,2.37535,-2.02666,-0.88686,1.37082,1.65416,0.84172,-2.96150,-0.07364,-0.19823
1.80129,-3.66726,2.03277,-0.14822,-0.60106,-2.15936,-3.67422,-2.40907,1.49005,2.07436,1.24608,2.25135,-1.58797,-0.02838,1.48687,1.15195,-0.78454,0.05206,-0.99211,-4.89912
0.85692,0.85897,-5.13127,-1.84960,0.86958,2.22973,0.43458,0.20457,1.30124,-3.12332,-2.70914,0.79157,0.65393,2.06937,-0.30946,-2.28159,-4.13336,1.47725,-0.21616,-0.90565
-2.85173,2.10538,-0.60206,-1.03221,1.79364,1.00590,0.02601,-2.11736,0.85180,-0.90386,-0.04482,0.09640,-0.26340,1.54751,-0.09326,3.80273,-0.46026,0.06292,3.39346,0.52156
-4.00630,-2.91240,3.00058,-0.64726,1.89075,0.43441,0.76013,-3.09090,-0.47032,0.00856,0.13852,-0.42471,0.29136,2.01326,1.60831,1.58004,-2.23988,-1.43562,-1.45125,-0.40230
0.04182,-1.15496,-1.87449,0.48701,2.69871,-0.80455,-0.35436,0.01399,1.16277,0.25900,0.39233,0.93942,-1.81504,-2.17919,4.10977,0.25177,-0.56585,-0.67151,1.03143,-0.97799
0.86963,-0.52538,-2.16220,1.26082,0.38422,-2.40115,-0.95654,0.41168,2.17870,-2.49197,0.26532,-0.21812,0.38142,0.92288,-0.69161,0.12088,0.30061,-2.50689,0.12161,-1.38462
0.10403,-1.85692,-4.29135,-1.80558,2.52607,0.16024,-0.02138,-0.08507,1.49136,-1.73413,-0.92267,4.75216,0.59752,0.69052,2.51091,0.28731,0.64429,0.30933,1.93034,-2.73324
0.42277,0.23321,-3.56072,1.72848,-0.85712,3.08807,-0.90917,-1.11285,-0.50950,0.83798,-0.79784,-0.38653,-1.92325,-1.01806,0.72321,-0.86755,-1.91368,0.81024,-2.06949,0.24730
-4.94839,-1.21730,0.23226,1.36576,-2.59682,0.83952,-1.67523,-1.01014,-1.22661,1.64851,1.83017,2.43736,-1.04027,-1.50903,2.25094,-2.32042,-0.88447,-0.30540,-1.50825,-3.22283
-3.93728,0.15504,-2.05244,0.56203,0.46977,-2.26823,-2.61630,-3.12563,-1.16973,2.76661,1.99753,0.52419,0.38249,-0.97228,2.03280,-1.12414,0.90374,-0.94698,-4.66914,-2.29345
1.36851,-0.30117,-0.27240,-1.32117,2.48632,-4.11090,-2.14026,-0.40114,-2.58447,0.54679,2.45462,0.29551,-1.09237,-0.51775,-1.29013,0.05524,2.38376,-1.88352,1.61431,0.36934
0.60880,-4.03843,1.39324,1.67528,-0.18734,-1.58747,-3.00823,-2.50640,-0.79587,-1.71205,4.20593,2.64812,-1.81961,-0.02989,-0.24716,0.77748,0.10152,-4.02464,-2.47173,2.03650
-0.85266,-0.77960,-1.89962,2.39939,-1.31204,0.20796,-0.43551,1.14755,2.26896,-2.59923,-0.63464,-0.54693,-5.41250,-1.89839,0.58223,-0.65845,0.64506,-4.89167,1.65252,-0.02413
0.48921,-0.64501,-0.27460,1.08275,3.15227,0.27635,-0.58492,-0.14678,0.76783,1.34096,-1.16059,1.45904,-0.74974,-0.46666,-0.39108,-1.67865,1.51597,-3.72534,0.57251,-0.73036
0.22660,-2.01095,0.37559,2.19681,3.16881,-0.10835,-4.45110,0.50424,-0.70117,0.67759,1.27287,3.07675,-3.73785,3.17249,0.90689,-1.29220,1.69628,-1.98209,-1.73955,-2.28747
-0.17127,-1.11682,-6.92066,2.36885,-1.53317,0.94479,2.06339,-2.63579,-0.23013,0.05005,-0.12633,-0.94146,-0.58515,0.29863,4.34151,0.42801,-2.86245,-1.59293,-0.84763,-0.78313
-5.41187,0.67562,-3.08351,0.07901,-1.05200,2.02996,0.79667,-6.41577,-1.31008,0.51341,-2.39446,1.06375,0.97823,-2.17636,1.59014,-2.79185,-1.59727,-0.10780,-4.50897,-1.93837
-1.00707,-2.55965,-3.05936,0.28704,1.98032,-3.19789,0.33172,-1.60280,1.93516,0.63911,-1.31706,2.01650,-2.00570,1.99596,0.93277,0.78163,-0.61693,1.28294,-0.22017,-5.10632
0.98553,-1.54257,-5.59659,0.98184,-0.01586,1.27979,-2.44713,-3.93730,-1.78293,0.96468,-3.91148,-1.77188,0.84431,-0.10175,2.48839,0.87280,-2.38817,1.44966,-1.60218,-1.99152
-3.53736,-1.91471,-0.66902,0.15892,-0.21576,1.25900,-0.92186,1.34604,-0.42680,-0.73886,-1.37850,0.23973,-0.63806,-0.67428,-1.32805,1.29778,1.22323,1.08144,2.77252,1.75497
-3.91468,-0.99436,-2.57391,0.58364,2.24884,1.87913,1.12364,-0.45779,0.05823,-0.00920,1.46521,1.59869,-0.69391,0.93501,0.19547,-0.49222,1.21871,-3.31301,0.53492,-2.43312
2.20185,-2.22672,-2.77878,1.16924,0.10427,0.86076,-2.45958,-1.54629,0.97605,-2.94144,3.42219,1.14986,2.15678,0.97156,3.81548,1.38085,-2.50949,-2.25580,1.01198,-2.73000
-1.47562,-0.93939,0.17207,0.92691,2.02547,1.23853,-1.38980,-3.24416,-0.89062,0.05313,0.95887,-0.93552,0.15484,2.87314,0.36427,3.13093,-0.92777,-4.42088,-0.17859,-2.12320
-1.76259,-0.13631,-2.07591,-0.97915,2.14241,3.10615,-2.34378,-0.22072,-0.86717,-2.16124,2.09702,1.77654,1.28381,0.27866,0.83699,-0.58989,-2.40379,-1.42129,0.70705,-0.49728
0.14598,-2.26345,-0.67427,2.99050,-1.80580,1.65622,-0.41652,-0.73971,2.03699,-1.01056,0.15406,2.08067,0.26043,2.86622,2.86373,0.04150,-1.19035,-0.48779,-0.73648,0.10999
-2.20685,-3.29993,0.07591,-2.23583,0.88408,0.80963,-1.62836,-2.17323,0.87461,0.47322,1.06076,0.22284,0.21589,0.09544,-1.68579,0.72256,-1.93882,0.56791,-1.18153,-1.56165
0.89882,-1.52591,-2.13178,-0.58727,2.01736,-3.97027,-2.26091,-2.37115,0.22663,2.02003,0.63417,0.23543,-3.88962,-3.69232,2.90946,1.33229,-3.62721,-2.85424,2.39869,-6.96300
-0.95257,-4.72581,-1.76564,-1.28235,0.36389,3.91211,0.52375,0.25701,-1.19736,-1.64874,-4.01077,2.49045,0.22046,-5.58724,3.31230,0.55390,0.97704,3.45332,-1.76408,-3.47079
-2.76360,-0.34207,-2.43713,0.19558,0.51922,1.89834,-0.13823,1.05375,-0.52754,-0.15310,-2.14736,2.51174,-0.31675,2.38958,3.03763,-0.98506,-1.24196,-0.69077,0.36241,0.26171
-0.06709,-2.88841,-2.20422,-1.06200,0.27762,1.11467,-0.12514,-1.21895,0.19355,0.64613,-1.79266,1.38737,0.81299,-0.16579,2.28202,-0.76136,1.13387,2.86101,1.90767,-0.26625
-2.82381,-0.12928,0.84379,0.87090,-2.74974,-0.88154,0.24939,-1.93747,-0.68001,-1.15009,-0.96864,1.20654,0.95348,2.19851,2.16401,1.64768,0.80401,-2.12604,1.16678,-4.46085
-3.12988,-3.31478,-2.83449,1.38638,1.64177,0.69069,-1.20458,-1.51240,1.73303,0.85908,-0.65665,3.56918,-2.19303,-1.51881,2.13432,-1.21169,0.37419,-1.65859,-0.85830,-0.49173
-0.65262,-1.19982,-4.39032,-0.89960,3.44844,1.80924,-0.65945,-1.04313,0.19261,-3.31643,-0.09092,3.88981,0.05966,-0.66824,1.77977,-0.31000,0.33852,-0.09350,0.34188,1.00476
-3.83700,-1.72640,1.78884,1.57899,2.26763,2.75013,-0.20432,-0.54226,0.67839,-1.99777,0.37865,0.45767,-1.59149,1.73477,1.50024,0.70563,-0.31744,-2.50907,2.26971,0.14071
0.89676,-1.15834,-3.42890,-0.02779,2.93825,-2.71519,0.67841,-0.21452,2.90339,-1.30575,1.36023,2.32793,-2.26944,-0.43646,2.60382,-1.49341,-4.22563,0.88781,1.67049,0.72227
3.23184,2.83508,1.28250,1.09578,-0.42108,2.25885,-1.43935,0.21328,-2.32731,-2.76754,1.92989,0.40231,1.82165,-2.67107,2.33475,-0.46396,2.65748,0.44039,4.04298,-2.10565
4.16130,-2.92403,-2.69266,-2.03774,-2.37028,1.99083,0.27624,-0.50506,4.68547,-0.05213,6.00157,1.82892,1.49962,-1.92361,2.19041,-0.29670,1.22341,0.39768,-3.08651,-2.62876
2.90205,-1.46728,-1.23965,1.45123,1.47376,0.82608,1.57571,-1.10207,0.68474,-0.51843,1.04115,-0.32014,-2.18220,1.76567,3.81715,-0.80557,-1.87558,3.43759,1.11176,-1.76473
-2.08090,-1.18496,-2.81712,0.20127,1.69301,0.72019,-1.62572,-0.77614,-0.62304,0.88055,-0.71056,-0.02701,-2.98434,-2.07365,2.96718,0.70384,-0.34769,-1.58846,0.97168,-2.06230
-2.84689,-2.64342,-3.38391,-0.69075,2.09766,1.64473,-1.54023,2.15496,-2.42725,-1.62413,0.12487,0.08544,2.10061,-0.35201,1.65856,-1.29521,2.70068,-2.08065,-0.03709,-2.93029
-2.07349,-3.93564,-1.78848,-0.01020,1.00120,-1.21974,-0.12652,0.14864,1.41934,-1.87262,1.19457,0.54129,1.12410,-0.64808,1.02917,0.24602,1.00834,-2.30502,-0.42170,-4.57887
1.71540,-3.10830,-1.64120,-0.63887,0.70644,1.75257,-0.57045,-0.05371,2.63421,-0.76124,1.90503,2.20291,-1.23469,1.30204,2.78402,1.87550,0.68867,0.82634,-0.12236,1.44110
-0.25122,-4.28139,-2.58693,0.26365,-0.53506,-2.90106,-3.28584,2.77595,-0.06534,2.52417,1.61807,0.18211,-1.95692,1.16985,1.16744,-0.42152,2.27041,0.99585,1.79355,3.39174
-0.46265,-0.03875,-1.86238,-1.37738,1.68623,2.98677,-3.70798,0.39178,0.77159,1.00013,-0.41474,1.80473,0.11240,1.36335,-2.13993,-2.76373,-0.08773,-1.00833,2.56310,-0.56000
1.02084,0.17275,-3.22684,2.12844,0.08395,1.75358,-1.32029,-0.76666,4.35591,1.54429,-0.36000,0.23980,0.10180,-2.13943,2.31536,-2.48023,-3.88457,-0.42344,1.24462,1.47007
-2.41566,2.71800,-5.36377,1.10623,0.81463,5.37325,1.56319,-2.44325,1.15737,2.99671,-1.56216,2.64676,-0.67752,1.29189,1.75075,-0.60531,-0.17583,-0.39236,-0.36235,-1.82694
-7.29066,-1.62118,-2.81762,1.66386,-2.48554,2.70298,2.36442,1.87387,0.61494,-0.41364,1.06711,0.17320,-2.36226,0.06659,0.88080,1.39993,3.34496,-3.73669,-0.23718,-1.27689
-2.62460,-0.37983,-0.49849,-0.05399,-1.68349,2.29231,-0.30004,-1.87957,-0.26430,0.16253,-1.70343,0.30745,1.55675,2.44900,3.32522,0.09111,2.04492,-1.32458,-1.05350,-5.14189
0.80961,-3.64359,0.77143,0.78464,-0.81028,-3.55404,-0.90229,1.03266,0.41992,2.82540,4.90021,-0.13446,0.72978,0.10639,1.14863,0.01998,-1.34579,-0.89007,3.90501,0.62581
-1.61049,-1.18873,-0.73974,0.20370,0.49759,1.88916,-2.20374,1.59983,2.73366,-1.48034,0.79159,-0.15354,0.40598,0.32145,0.40857,-0.77078,0.08977,-2.30186,1.33858,-0.44085
4.27784,-2.93655,-1.87831,-0.78398,2.81671,0.84946,-0.58607,0.17961,1.36994,1.06090,1.65513,4.21191,1.77668,-1.88614,3.54166,-1.07209,1.90389,2.56518,0.98354,1.59036
-2.07329,0.97648,-3.25271,3.63171,-0.71647,-0.13772,-3.15586,0.46040,3.27699,1.93603,0.84749,-0.81989,-0.37562,-0.68763,0.78943,-1.43447,-1.36374,2.14387,1.17176,-2.67582
-2.81374,1.12381,-2.27719,1.77862,1.47713,1.42594,-1.67811,-2.19365,1.69425,-1.39784,1.87134,-0.87252,-0.97358,-0.86230,3.85751,1.70387,-0.93524,0.30818,1.61820,-2.47340
-4.01633,1.54811,-2.44875,2.52066,0.35173,-4.03509,-2.18422,0.40420,-0.09536,1.57779,-0.78454,1.70114,-0.96253,-1.26650,5.19080,0.90541,-2.80718,0.96765,-0.55829,-3.24220
-2.51507,2.42064,-3.13011,0.25214,3.94430,1.29169,-0.70065,1.92904,1.15987,3.28926,1.07342,2.12852,0.81812,-1.99123,2.70393,-2.53242,0.07861,-0.51187,-1.09369,0.58048
-3.31178,-1.64106,-0.20089,1.01548,0.61572,-0.31382,1.05317,-0.51274,-0.17833,0.03103,0.47981,2.61265,-2.40679,0.78702,3.55048,-0.05259,-1.61270,0.77918,-2.39338,-0.59098
-2.50923,0.58583,-2.69546,1.21989,2.32812,1.22929,-1.42221,-1.48796,-3.07734,1.22986,2.14198,3.83682,-4.11572,1.05452,0.22366,2.40948,-1.56924,-2.78683,1.27464,-2.71953
-0.28592,-0.08662,-3.96926,-1.41687,2.82575,-0.83467,-0.13452,-0.59435,-1.65570,0.04861,-1.15244,0.11856,0.47214,-0.48879,1.50168,1.10437,0.83894,-4.00351,0.65585,0.41286
-4.40747,-1.28801,0.03307,1.28581,-2.94661,2.81580,1.89003,-2.62024,0.93879,-0.76697,2.85013,0.74093,-1.12269,-1.70461,-0.29723,-1.60957,5.48782,-3.48841,-2.27918,-1.91165
-2.52995,-3.08693,-3.01151,-0.70324,1.62861,2.86174,-0.54704,-1.52092,1.13087,1.88795,0.24596,2.40887,1.41779,-0.10350,1.32184,-1.27283,-0.18821,-0.54352,-1.76186,-0.02724
-1.11896,0.16543,-2.67587,2.28022,3.69801,0.71932,-0.84158,-0.94651,0.35445,-0.17549,-1.16811,1.89216,-2.27180,0.12247,1.32161,1.06976,-0.14775,-2.75124,0.70967,-3.32604
-0.82441,-2.25081,-1.90830,0.60001,0.02600,0.31217,-2.51937,-1.05661,-0.57149,-1.90365,0.07059,-0.22326,-1.77513,0.14284,2.42234,0.73381,-1.91315,-0.50651,0.14228,-3.74397
-3.14015,-1.21005,-4.61267,0.55922,1.07377,0.36051,0.78670,0.95068,3.86368,-1.68803,-0.32189,2.45314,1.50441,-2.12569,2.70128,-1.47776,0.69961,1.44455,-0.08047,1.80859
-0.50559,0.23458,-1.69427,-0.24235,0.90634,4.34813,-0.04395,-2.42801,-0.01535,-1.57815,-0.83634,0.17046,-3.47044,1.11815,1.98141,-0.94032,-0.15500,1.36762,1.45495,-1.06714
0.46676,-0.33569,-3.22580,-0.68647,-1.70942,1.89466,-0.56477,-1.01085,-0.99280,1.17140,1.82377,2.23494,2.12134,-0.65320,1.00564,-2.09365,-2.31848,-0.68167,0.34712,0.02772
0.83447,-2.74328,4.02300,0.43580,0.54707,0.87172,-4.19647,1.44306,0.71039,2.30031,-0.44036,0.25883,-2.99927,-1.47363,3.51880,0.49073,2.52474,-1.72965,-1.11642,0.80465
-0.12462,-3.17938,-5.05469,-0.01248,0.89752,-0.28448,-0.97640,-0.50666,0.07775,6.63875,-1.12838,3.33621,-1.50445,-1.70986,2.41983,1.12266,-1.17105,-1.73587,-1.33657,-0.57853
-2.79877,-0.58356,-3.12857,-0.77516,-0.20745,-1.76235,-1.35449,-1.69821,-0.39295,2.04411,0.96958,-0.67544,0.07801,0.03457,-0.49305,0.37160,-3.04293,1.89778,-2.94899,-0.36890
0.03183,-3.12925,-7.01558,1.38846,0.04978,-0.08050,-0.68579,-0.78394,-0.72586,-1.83537,-0.24124,2.42733,0.24197,1.46633,3.00799,0.70924,0.44931,0.00917,-2.02655,-1.81961
4.40264,0.84537,5.46815,2.89819,-2.48998,-1.23472,-0.61014,1.22290,-0.40534,4.45509,3.08500,3.69808,-1.43370,0.92073,2.81780,-1.33186,1.00731,0.17547,1.88833,0.11025
-0.70280,-1.73144,2.11859,-0.63259,-0.92266,1.61563,5.12507,-2.14334,3.99275,-4.38190,1.10984,1.48983,-1.42286,-1.82965,1.28816,1.94540,1.67797,0.01647,-0.14786,0.62207
-4.41063,0.46215,-4.22896,1.51569,3.46877,0.32131,-0.02906,-0.69253,2.45232,-1.41862,1.37289,0.30181,-3.00511,-0.67507,1.36925,-0.77352,0.04686,-1.91739,-0.33786,-4.44963
-1.36941,2.93848,-3.78384,-0.00576,0.04460,3.88432,2.71105,-2.04120,6.68132,-1.97586,6.82526,1.11255,-1.71659,1.52031,1.53236,0.32596,2.41978,0.86024,0.89793,2.02636
2.63461,-5.75625,-0.58205,1.91657,-0.06958,0.22108,-0.40369,-0.27070,0.96322,-0.52575,1.53360,2.83748,-0.50151,-0.46739,2.72893,0.51065,-0.52255,-0.47979,-0.33409,-2.22588
-0.09498,-0.46326,-0.86310,0.77947,0.95725,-1.60241,-0.40615,0.24462,-1.57615,0.45405,-1.30775,2.11328,-1.33974,0.98139,1.10487,0.68436,-0.68789,-1.85102,0.12332,-2.88090
-1.76407,-1.88041,-1.49634,2.22393,1.12906,1.83793,-0.90378,-2.53508,1.53114,4.60490,1.13858,0.52286,1.68509,0.22117,4.28105,0.82927,-1.46836,-2.17919,1.38350,-6.24320
-0.39909,-0.68605,1.52961,3.50255,0.36164,-2.50838,-0.02200,1.91293,0.97912,4.19360,0.88724,2.03862,5.23478,1.39234,3.98876,1.45508,-3.09589,0.99545,3.10178,1.75037
-0.36742,0.84190,-1.82027,-1.12584,0.56454,0.46460,2.76526,-2.83672,1.62005,-0.77650,-0.02582,0.95360,-0.41567,-1.38952,0.77475,-1.48849,0.63450,-0.93026,3.36045,-0.03354
-2.20933,-2.10851,-3.36847,3.40483,-0.72418,-0.89999,-1.44406,-3.29364,2.49340,1.15967,0.84896,1.18732,-3.11466,0.62195,2.40429,1.29526,0.59939,0.82235,0.01564,-1.87136
0.36417,-0.80341,-2.13837,0.04519,2.80152,3.24845,1.81606,-3.28992,3.09281,-1.19366,1.16478,1.84082,-0.63101,0.69029,1.26735,0.94495,0.10273,-1.25086,-0.96349,-5.53531
1.65987,-4.47508,-1.06166,2.00447,-0.96172,0.19442,-2.62087,0.48231,0.17937,0.94806,0.98046,2.06156,-0.88795,3.69688,3.95433,1.71899,-1.73792,0.60756,-2.82816,-0.19144
-2.05266,3.15587,-4.40427,1.71022,0.02582,2.36498,1.29415,-1.00665,0.87621,-1.35509,0.21589,-1.32203,-0.28786,3.42718,-0.54507,-0.24621,0.00861,-1.73380,0.42478,-3.51626
-4.63900,-1.64187,-4.50619,0.76072,-0.47104,0.38865,-0.09974,-2.65373,0.65353,-1.44134,0.18850,2.26206,-1.48153,2.42227,-0.53789,0.45895,1.95095,-1.15210,-1.79020,-2.98839
-0.67039,-2.58579,0.40920,1.69482,2.07045,0.30398,0.68622,0.15464,-2.13697,2.27875,-1.42219,-2.08443,-0.28811,-0.03948,1.07867,0.37227,3.15678,-2.74267,-1.22364,-2.22033
-5.34567,0.31173,1.01121,2.17587,-0.95308,0.81791,0.65192,-1.43569,0.51136,2.16799,3.47649,1.64252,-1.16375,-1.41958,2.16230,-0.22555,-2.71850,-2.45326,-1.26935,-3.76318
0.58634,-1.78854,-5.67658,0.43531,0.18068,2.19948,-2.49759,-3.74270,1.43101,-1.04187,-3.16828,-1.42568,-0.67436,3.12599,0.58299,1.20288,-0.92315,0.33306,-1.50102,-2.05629
-1.96795,0.29797,-3.19639,2.88908,1.65831,-0.48118,-1.90160,-3.27219,0.51183,0.31735,-3.59012,1.75595,-1.89276,1.95072,2.03020,0.17012,1.48834,-2.34919,0.39185,-0.74628
-3.91840,0.18141,-1.12817,-0.30424,-1.43180,0.27698,0.89973,-1.94680,-0.78893,0.13472,0.27168,1.00784,-2.35322,-0.88422,3.56613,0.88144,-0.63204,-0.55581,0.68858,-3.06816
-8.52907,-0.13266,-2.88497,1.51745,2.01115,1.02026,-0.98007,-2.83652,0.90998,-0.22595,1.22347,1.50633,0.10718,-1.07413,0.69859,-1.32010,-1.89360,-1.48873,0.19945,0.69235
0.57839,-1.84127,-2.09969,2.81877,-0.71314,-0.19083,-1.40900,-0.78503,-1.16837,0.91688,-1.36426,1.60312,-0.62382,0.33743,3.71896,1.34477,-2.57624,-1.19461,-0.76930,-2.69030
-0.99972,-0.71932,-2.05889,0.20231,1.22147,1.27731,-0.35941,0.39191,-0.39843,-0.41756,-1.69538,1.99911,0.67853,0.78432,3.53511,-2.37372,0.85789,0.28329,1.13458,-2.00285
1.05141,0.08856,-5.36661,-0.50185,0.71202,0.21821,0.18761,0.32826,3.22983,-1.28484,-2.63023,2.02628,-2.37364,0.85689,3.34978,0.03373,1.22991,-2.27868,0.75641,-1.75715
