0.02102,0.02073,0.02344,0.02122,0.02668,0.02795,0.02392,0.01706,0.02526,0.01312,0.02402,0.02140,0.02292,0.01712,0.01547,0.02033,0.01684,0.01604,0.02384,0.01824,0.02042,0.10884,0.45412
0.02360,0.02732,0.02699,0.01552,0.03190,0.02316,0.02233,0.02043,0.02376,0.02771,0.29907,0.03129,0.03373,0.02511,0.01686,0.02051,0.02292,0.02515,0.02480,0.02009,0.03494,0.16382,0.03899
0.01733,0.01704,0.01879,0.02010,0.02021,0.02693,0.42572,0.04028,0.01575,0.01533,0.01759,0.02556,0.01923,0.01540,0.01429,0.01678,0.01619,0.02092,0.02643,0.02149,0.02526,0.02440,0.13898
0.01575,0.01189,0.01048,0.01426,0.01116,0.01074,0.01329,0.01277,0.01196,0.01713,0.01447,0.01574,0.01632,0.01066,0.00963,0.01482,0.34681,0.35797,0.01572,0.01788,0.01317,0.02053,0.01684
0.01861,0.01343,0.01582,0.01724,0.03377,0.02298,0.02035,0.02739,0.01703,0.01712,0.03065,0.02328,0.14693,0.01629,0.02401,0.01956,0.03550,0.02225,0.01589,0.36208,0.02462,0.02831,0.04692
0.02728,0.01488,0.02116,0.01739,0.02129,0.01594,0.01913,0.01875,0.02134,0.01806,0.01657,0.01681,0.01509,0.02620,0.03485,0.01908,0.25871,0.02127,0.02053,0.28532,0.02128,0.03489,0.03419
0.01915,0.01360,0.01220,0.01310,0.01977,0.01983,0.68188,0.01063,0.01091,0.01654,0.01382,0.01526,0.01168,0.01208,0.01006,0.01347,0.01548,0.01490,0.01742,0.01065,0.01894,0.01692,0.01170
0.00939,0.00799,0.00911,0.00932,0.76046,0.01434,0.00928,0.00860,0.00882,0.01439,0.01317,0.00873,0.01869,0.01056,0.00873,0.00687,0.01288,0.01171,0.01250,0.01512,0.00961,0.01074,0.00899
0.02221,0.02059,0.01882,0.02177,0.03095,0.02238,0.03291,0.02707,0.02815,0.03229,0.02273,0.02748,0.04350,0.13415,0.01980,0.03618,0.02380,0.02402,0.04126,0.06121,0.03812,0.02459,0.24602
0.01795,0.02208,0.01524,0.02226,0.01895,0.02709,0.02043,0.01911,0.02291,0.02733,0.02020,0.01545,0.35275,0.07068,0.01756,0.01489,0.02869,0.01476,0.02729,0.01543,0.03936,0.02339,0.14620
0.02076,0.02033,0.02508,0.02541,0.38680,0.16115,0.02394,0.01719,0.01347,0.02207,0.01875,0.02210,0.01903,0.01871,0.01476,0.01296,0.02533,0.02046,0.02807,0.02352,0.02015,0.04328,0.01671
0.01590,0.01558,0.01670,0.01760,0.02662,0.01701,0.02381,0.01686,0.02104,0.02569,0.28907,0.18457,0.02463,0.01773,0.01946,0.02216,0.01782,0.01623,0.02776,0.03019,0.02141,0.11407,0.01809
0.02012,0.02391,0.01421,0.02165,0.02183,0.01903,0.01775,0.01895,0.14534,0.01743,0.01781,0.03381,0.02008,0.02004,0.02400,0.03338,0.02430,0.01957,0.02080,0.21124,0.01715,0.02148,0.21610
0.01692,0.01078,0.01799,0.01087,0.01411,0.01861,0.00987,0.01367,0.01541,0.01058,0.01594,0.01140,0.01733,0.00871,0.03350,0.00899,0.01386,0.00929,0.01163,0.01581,0.01361,0.01883,0.68230
0.02625,0.01866,0.02140,0.01667,0.02188,0.01788,0.02226,0.02572,0.07236,0.02214,0.03075,0.01694,0.01882,0.02498,0.01917,0.02044,0.03134,0.01948,0.03237,0.40517,0.02690,0.03694,0.05150
0.01414,0.01159,0.00922,0.01327,0.01208,0.01079,0.00937,0.00982,0.01092,0.01450,0.00965,0.01298,0.01304,0.01105,0.01018,0.01305,0.73380,0.00933,0.01051,0.02606,0.01233,0.00895,0.01337
0.01851,0.01436,0.01054,0.01420,0.01634,0.01448,0.02363,0.01224,0.01260,0.01473,0.01747,0.02038,0.01507,0.01322,0.56783,0.01454,0.01759,0.01354,0.01553,0.02103,0.00921,0.01257,0.11042
0.01784,0.01752,0.01311,0.01846,0.01179,0.01429,0.35747,0.02117,0.01430,0.01731,0.01617,0.01316,0.02012,0.01664,0.01000,0.01125,0.01699,0.01626,0.01446,0.01078,0.01652,0.31924,0.01515
0.01367,0.02680,0.02531,0.02719,0.01735,0.02518,0.01337,0.01479,0.44454,0.02144,0.01951,0.01922,0.01501,0.01607,0.01799,0.01601,0.01747,0.01305,0.02797,0.02863,0.02513,0.01926,0.13505
0.01511,0.01088,0.01122,0.01274,0.01143,0.01037,0.01564,0.01245,0.00930,0.01619,0.01722,0.01224,0.00815,0.01169,0.01052,0.00853,0.01599,0.01589,0.01508,0.72826,0.00967,0.00920,0.01224
0.01847,0.01834,0.02321,0.02394,0.02199,0.02218,0.02225,0.03307,0.02310,0.02742,0.43871,0.02502,0.03621,0.02252,0.01824,0.01585,0.02191,0.02443,0.03396,0.02098,0.02391,0.05524,0.02904
0.01663,0.01555,0.01468,0.01955,0.01513,0.02072,0.01255,0.01404,0.01191,0.02335,0.02485,0.01567,0.01866,0.01220,0.01487,0.01734,0.57714,0.03993,0.01595,0.02046,0.02804,0.01643,0.03437
0.01927,0.01667,0.01516,0.01658,0.02099,0.02175,0.02189,0.01888,0.02008,0.01841,0.01294,0.01746,0.35992,0.02245,0.01899,0.02447,0.02507,0.01979,0.01294,0.01579,0.24125,0.02070,0.01854
0.02000,0.02095,0.04801,0.02243,0.02231,0.01584,0.02005,0.02238,0.14983,0.03589,0.02111,0.02710,0.02271,0.02915,0.02953,0.03240,0.03539,0.04638,0.02277,0.09889,0.21554,0.02297,0.01836
0.01246,0.02530,0.02297,0.01537,0.02600,0.03432,0.02483,0.01679,0.02035,0.01360,0.01531,0.02590,0.01823,0.01828,0.23379,0.02674,0.02228,0.01652,0.01841,0.01697,0.02345,0.05102,0.30111
0.02381,0.02423,0.01505,0.02467,0.03579,0.02251,0.01704,0.01890,0.02291,0.02241,0.02682,0.02711,0.29091,0.01886,0.02702,0.01639,0.02800,0.01954,0.04095,0.18202,0.01537,0.05293,0.02677
0.01285,0.01023,0.00905,0.01216,0.74158,0.01409,0.01094,0.01055,0.00913,0.01266,0.01500,0.00848,0.01172,0.01096,0.01059,0.00862,0.01511,0.00932,0.01046,0.01989,0.00899,0.01120,0.01640
0.01971,0.02391,0.01781,0.01516,0.02592,0.01584,0.01767,0.01168,0.58973,0.01619,0.01688,0.01585,0.01505,0.01933,0.01900,0.01114,0.02905,0.01176,0.01266,0.02578,0.01580,0.01013,0.04395
0.01770,0.00870,0.01113,0.01340,0.63960,0.06904,0.00947,0.01132,0.01096,0.01925,0.01823,0.01318,0.02639,0.01283,0.01482,0.00865,0.01517,0.00864,0.01372,0.00956,0.01140,0.01723,0.01960
0.02213,0.03091,0.02836,0.02250,0.02357,0.01655,0.01826,0.02024,0.06665,0.02083,0.01432,0.02395,0.01860,0.02165,0.01903,0.02316,0.01811,0.01600,0.01813,0.02568,0.13979,0.37316,0.01841
0.03844,0.02442,0.01662,0.02593,0.02674,0.01765,0.02135,0.01352,0.02631,0.02566,0.03135,0.03400,0.03000,0.02123,0.02007,0.02037,0.15244,0.16232,0.01833,0.03764,0.18744,0.02290,0.02527
0.02363,0.01828,0.02458,0.02439,0.01697,0.02115,0.01351,0.01393,0.01589,0.02562,0.01838,0.02367,0.01858,0.02305,0.02380,0.01898,0.25207,0.01669,0.26132,0.05798,0.02088,0.04368,0.02294
0.01558,0.01476,0.01511,0.01948,0.01684,0.02410,0.02884,0.02138,0.02334,0.01985,0.01449,0.02341,0.01773,0.01746,0.34656,0.21444,0.01874,0.02557,0.02668,0.02673,0.01713,0.02493,0.02684
0.01847,0.01911,0.02398,0.01912,0.01337,0.01768,0.01873,0.01547,0.48264,0.05655,0.01712,0.01747,0.01727,0.03167,0.02494,0.02389,0.02383,0.01321,0.02308,0.02137,0.04086,0.04357,0.01660
0.02202,0.02212,0.02245,0.02034,0.01896,0.02544,0.43058,0.08145,0.01699,0.01344,0.01962,0.01987,0.02670,0.02802,0.01896,0.01990,0.02781,0.02391,0.02178,0.01881,0.03812,0.04094,0.02178
0.00894,0.01060,0.00952,0.01517,0.01060,0.01731,0.00855,0.01038,0.00971,0.01344,0.01043,0.01432,0.72636,0.01964,0.01427,0.01145,0.01554,0.01280,0.01582,0.00994,0.00920,0.01288,0.01313
0.01785,0.02319,0.02921,0.01911,0.01750,0.02203,0.01679,0.01790,0.46262,0.02934,0.02399,0.01428,0.02105,0.02219,0.02897,0.01706,0.01836,0.01897,0.02469,0.07121,0.02713,0.01495,0.04159
0.01821,0.01425,0.01689,0.01821,0.01286,0.01636,0.02209,0.01147,0.01796,0.01303,0.01189,0.01504,0.01256,0.01434,0.01145,0.01624,0.64384,0.02694,0.01528,0.01391,0.02786,0.01745,0.01187
0.01565,0.01069,0.01025,0.02093,0.01007,0.01079,0.01098,0.00975,0.69467,0.01100,0.00875,0.01007,0.01876,0.01608,0.01244,0.01722,0.00982,0.01404,0.00882,0.00905,0.04947,0.01183,0.00886
0.02083,0.02351,0.02240,0.02041,0.01350,0.02107,0.02479,0.02158,0.30310,0.02109,0.01821,0.02013,0.03018,0.02965,0.02002,0.02253,0.02146,0.01936,0.02040,0.01715,0.19945,0.03566,0.05352
0.01522,0.01368,0.01157,0.01326,0.01345,0.01748,0.01937,0.00963,0.01066,0.01303,0.01730,0.01307,0.00928,0.01364,0.38416,0.01204,0.01012,0.01461,0.02218,0.01365,0.00949,0.01246,0.33066
0.01563,0.01423,0.01644,0.02142,0.02089,0.02876,0.02026,0.01665,0.01162,0.01432,0.01756,0.01619,0.01573,0.01582,0.57550,0.01600,0.01347,0.01706,0.02647,0.01504,0.01395,0.01562,0.06137
0.01973,0.01798,0.01660,0.02557,0.02531,0.01853,0.01748,0.01891,0.02237,0.03260,0.02068,0.02246,0.01580,0.02268,0.19679,0.03786,0.03777,0.02133,0.01991,0.25662,0.08163,0.02784,0.02355
0.01480,0.02115,0.02315,0.01871,0.02507,0.02540,0.01950,0.01598,0.02012,0.01568,0.02111,0.01949,0.01537,0.01480,0.03082,0.02473,0.03645,0.22917,0.02679,0.09741,0.02569,0.01901,0.23960
0.01749,0.01317,0.01473,0.01557,0.01902,0.01612,0.01953,0.01337,0.01648,0.01669,0.01409,0.01880,0.01551,0.01542,0.01343,0.01961,0.49144,0.17097,0.01330,0.02583,0.01093,0.01671,0.01176
0.02164,0.01336,0.02462,0.01370,0.02232,0.01563,0.01006,0.01293,0.01924,0.02083,0.63622,0.01155,0.01479,0.01166,0.01510,0.00809,0.01433,0.01132,0.02550,0.01459,0.01269,0.02010,0.02972
0.01156,0.01411,0.02447,0.01297,0.67321,0.01822,0.01606,0.01509,0.01103,0.01345,0.01799,0.01105,0.01235,0.01067,0.01022,0.00811,0.01527,0.00948,0.01396,0.01608,0.01020,0.01841,0.03604
0.01895,0.01736,0.01816,0.01764,0.03433,0.03816,0.10667,0.03059,0.01249,0.01912,0.02383,0.01886,0.01799,0.01575,0.02911,0.02038,0.01913,0.02313,0.02197,0.43223,0.01827,0.01583,0.03006
0.02486,0.01521,0.04178,0.02085,0.02364,0.01525,0.01743,0.01576,0.01520,0.02147,0.01723,0.02328,0.01447,0.02485,0.02037,0.01512,0.31445,0.01630,0.02552,0.16754,0.02233,0.10619,0.02089
0.02626,0.01558,0.01660,0.01649,0.01779,0.01493,0.01465,0.01687,0.01264,0.01912,0.01389,0.02726,0.01262,0.01264,0.02018,0.01604,0.58417,0.01462,0.01890,0.02136,0.01840,0.01779,0.05119
0.01469,0.01739,0.01136,0.01506,0.01333,0.01608,0.01506,0.01212,0.01201,0.01857,0.01608,0.01349,0.01803,0.01630,0.01039,0.01626,0.61474,0.01371,0.01904,0.03139,0.01331,0.01441,0.05717
0.02195,0.01082,0.01339,0.01383,0.00977,0.01159,0.01364,0.01093,0.70666,0.00945,0.01348,0.02144,0.01497,0.01317,0.00837,0.01081,0.01826,0.01198,0.01158,0.01154,0.01388,0.01854,0.00993
0.02335,0.02588,0.01501,0.02493,0.02474,0.01953,0.02296,0.03000,0.03861,0.02322,0.02370,0.02292,0.09131,0.03016,0.03157,0.03418,0.04124,0.01848,0.01960,0.20008,0.02191,0.03321,0.18341
0.01547,0.01275,0.01592,0.01176,0.02305,0.01512,0.01141,0.01336,0.01522,0.01614,0.64161,0.02345,0.01105,0.01556,0.01607,0.01112,0.01536,0.01196,0.01931,0.03743,0.01285,0.01820,0.01583
0.02238,0.01417,0.02433,0.01700,0.03801,0.02222,0.02234,0.02417,0.01866,0.03072,0.17422,0.01798,0.02666,0.02579,0.02468,0.01415,0.02194,0.03155,0.04692,0.29869,0.01953,0.03811,0.02575
0.03151,0.01412,0.01705,0.02751,0.01919,0.01419,0.01736,0.01647,0.01646,0.02263,0.01448,0.02031,0.01622,0.01498,0.01195,0.01511,0.56893,0.03076,0.01989,0.02989,0.01437,0.02096,0.02566
0.01830,0.01887,0.02227,0.01950,0.01945,0.02400,0.01492,0.02017,0.01935,0.03413,0.06706,0.02603,0.02207,0.02107,0.01668,0.01955,0.02339,0.01732,0.03334,0.01965,0.41952,0.07338,0.02997
0.02342,0.02192,0.01101,0.02103,0.02660,0.02770,0.52185,0.01811,0.01500,0.01712,0.01853,0.01681,0.01170,0.02168,0.01848,0.01268,0.01562,0.01951,0.01513,0.07424,0.02578,0.01229,0.03378
0.01815,0.02490,0.01349,0.01993,0.02201,0.02095,0.01881,0.01563,0.01715,0.01896,0.02941,0.01580,0.37725,0.01562,0.02458,0.01301,0.02575,0.01624,0.01978,0.02962,0.01839,0.01861,0.20596
0.02212,0.01449,0.01169,0.01816,0.01451,0.01883,0.01778,0.01425,0.01395,0.01928,0.01322,0.01843,0.01429,0.01307,0.01080,0.01768,0.46226,0.01315,0.01702,0.03583,0.02331,0.01710,0.17878
0.03403,0.02173,0.01664,0.02469,0.02552,0.02104,0.02147,0.01638,0.01722,0.03189,0.02752,0.01537,0.01961,0.01868,0.01254,0.01773,0.11038,0.24831,0.02647,0.03209,0.02178,0.04374,0.17517
0.02822,0.01885,0.01856,0.02144,0.03601,0.01951,0.02943,0.01784,0.02635,0.01496,0.28654,0.01706,0.03677,0.01542,0.01766,0.01490,0.02038,0.02337,0.02773,0.03756,0.01369,0.02507,0.23270
0.02106,0.02015,0.04091,0.02283,0.02127,0.02879,0.02263,0.02067,0.01972,0.03740,0.02571,0.02547,0.02420,0.01753,0.26645,0.13216,0.01983,0.02223,0.02559,0.02542,0.01896,0.10458,0.03644
0.03608,0.03018,0.01946,0.03241,0.01766,0.01491,0.02124,0.01556,0.30850,0.21601,0.03312,0.02000,0.02107,0.02339,0.01893,0.01689,0.02446,0.02047,0.01763,0.01891,0.03358,0.02007,0.01947
0.02063,0.01515,0.01918,0.01123,0.01510,0.02403,0.01697,0.00809,0.65553,0.01166,0.01212,0.02114,0.01437,0.01533,0.01113,0.01089,0.01713,0.01553,0.01529,0.01239,0.02033,0.01527,0.02150
0.01369,0.00713,0.00768,0.01169,0.78451,0.01427,0.00712,0.00938,0.00850,0.01142,0.01108,0.00777,0.01571,0.00831,0.00858,0.00810,0.00835,0.00772,0.00956,0.01156,0.00733,0.00803,0.01252
0.01783,0.01502,0.01826,0.01373,0.01453,0.01550,0.01631,0.01361,0.01540,0.02186,0.01582,0.01585,0.01999,0.01931,0.01567,0.01411,0.52316,0.01734,0.01903,0.02757,0.01867,0.02634,0.10510
0.01599,0.01154,0.01239,0.01479,0.02537,0.01580,0.01829,0.02557,0.01614,0.02293,0.02593,0.03181,0.54380,0.01834,0.01840,0.01102,0.01608,0.01329,0.02543,0.03381,0.01156,0.02315,0.04857
0.01047,0.01481,0.01339,0.01161,0.01294,0.00868,0.01619,0.01098,0.01075,0.00871,0.01094,0.01235,0.00827,0.01071,0.73058,0.01447,0.01069,0.01277,0.00944,0.01923,0.01250,0.01500,0.01453
0.02416,0.02562,0.01964,0.01850,0.01133,0.01532,0.01775,0.01296,0.32789,0.02145,0.02034,0.01457,0.01524,0.01986,0.01496,0.01620,0.02061,0.01336,0.01581,0.01197,0.30262,0.01325,0.02661
0.01111,0.00754,0.00823,0.01237,0.75491,0.01433,0.00657,0.00978,0.00790,0.01657,0.01394,0.00853,0.01516,0.01142,0.01135,0.00774,0.01368,0.00873,0.01281,0.01386,0.00831,0.01152,0.01363
0.02509,0.02932,0.02342,0.02446,0.01953,0.01898,0.01888,0.01632,0.01953,0.01504,0.02215,0.02000,0.03179,0.02025,0.01509,0.01977,0.05039,0.01799,0.01648,0.02410,0.02056,0.39087,0.14000
0.01382,0.03029,0.02675,0.01984,0.02947,0.02203,0.02180,0.01791,0.02525,0.02388,0.02052,0.01725,0.02037,0.01806,0.23933,0.02372,0.02132,0.01303,0.01920,0.02266,0.04838,0.27593,0.02922
0.01515,0.02796,0.02547,0.02158,0.01646,0.02292,0.01881,0.01645,0.01768,0.03032,0.02274,0.01979,0.23362,0.02966,0.03125,0.03344,0.02290,0.01984,0.02300,0.07931,0.02738,0.21032,0.03393
0.01291,0.01129,0.01366,0.01397,0.01751,0.01389,0.01300,0.01381,0.01216,0.01530,0.16005,0.55718,0.01346,0.01325,0.01345,0.01329,0.01123,0.00907,0.01627,0.01338,0.01726,0.01392,0.01067
0.02958,0.04643,0.02118,0.04122,0.02515,0.02656,0.01910,0.01621,0.02580,0.02369,0.01663,0.02263,0.32458,0.09453,0.01786,0.02678,0.03299,0.01751,0.01647,0.02051,0.03000,0.06194,0.04262
0.01891,0.01490,0.01363,0.01811,0.02162,0.02354,0.61125,0.01080,0.01660,0.01621,0.01591,0.01327,0.01270,0.01888,0.01337,0.01290,0.01828,0.01800,0.01318,0.01063,0.06001,0.01418,0.01313
0.00855,0.01045,0.00904,0.00869,0.00881,0.01286,0.00941,0.00800,0.01462,0.01210,0.01297,0.01012,0.01089,0.00781,0.00967,0.00692,0.01050,0.00851,0.01509,0.01932,0.00779,0.01322,0.76466
0.01586,0.00774,0.01113,0.01195,0.74596,0.01365,0.00832,0.01009,0.01012,0.01272,0.01865,0.01044,0.01392,0.00722,0.00949,0.00875,0.01449,0.00839,0.01212,0.01260,0.00688,0.01605,0.01347
0.02959,0.03199,0.02027,0.02214,0.01943,0.02103,0.03685,0.01570,0.02467,0.02042,0.02248,0.05810,0.01869,0.02174,0.01452,0.02153,0.03064,0.03123,0.02082,0.01847,0.14216,0.33384,0.02369
0.02072,0.01281,0.00997,0.02021,0.01997,0.01882,0.61467,0.01722,0.01440,0.02441,0.01279,0.01953,0.01264,0.01429,0.01028,0.01243,0.01617,0.01882,0.01623,0.01308,0.01109,0.02158,0.04786
0.01525,0.00900,0.00811,0.00907,0.00828,0.00876,0.01127,0.01404,0.01178,0.01113,0.00899,0.01475,0.00890,0.00821,0.00750,0.01268,0.75946,0.01675,0.01050,0.01154,0.01115,0.01011,0.01277
0.01970,0.01444,0.01215,0.01988,0.08875,0.61538,0.01381,0.00903,0.01078,0.01282,0.01057,0.01717,0.01460,0.01389,0.00931,0.00878,0.02255,0.01433,0.00935,0.01708,0.01452,0.01402,0.01709
0.01967,0.01523,0.02276,0.02705,0.02078,0.02882,0.01179,0.01576,0.01843,0.02285,0.50935,0.03176,0.02009,0.02015,0.02481,0.00991,0.01652,0.01616,0.02502,0.04028,0.01671,0.01356,0.05254
0.02716,0.01643,0.02522,0.02188,0.03020,0.02152,0.01872,0.02036,0.01820,0.04163,0.13877,0.02282,0.01774,0.01731,0.02239,0.01995,0.04284,0.02704,0.03465,0.29961,0.01926,0.05895,0.03734
0.00893,0.00866,0.00950,0.00939,0.00908,0.01016,0.00787,0.01238,0.01228,0.00843,0.00810,0.01398,0.00941,0.00802,0.02890,0.01316,0.01360,0.00996,0.01360,0.01283,0.01038,0.01637,0.74500
0.02886,0.01313,0.01186,0.01842,0.01300,0.01536,0.01394,0.01073,0.01861,0.01854,0.01234,0.02120,0.02037,0.01447,0.01203,0.01159,0.46528,0.01278,0.01645,0.01718,0.01401,0.02044,0.19940
0.01291,0.01803,0.02226,0.01436,0.01765,0.02250,0.01203,0.01021,0.01356,0.02017,0.01846,0.01376,0.56893,0.01526,0.02310,0.01598,0.02173,0.01795,0.01445,0.01453,0.07872,0.01726,0.01619
0.02669,0.01979,0.02310,0.02425,0.01878,0.02118,0.01742,0.01876,0.01679,0.02282,0.02013,0.02537,0.02012,0.01472,0.25618,0.03101,0.02935,0.02550,0.02434,0.06470,0.02925,0.03670,0.21306
0.01943,0.03682,0.01501,0.02440,0.21981,0.03229,0.02379,0.01583,0.01540,0.01545,0.02137,0.03466,0.01733,0.01951,0.01798,0.01432,0.03343,0.01675,0.01801,0.02334,0.01964,0.02249,0.32291
0.01201,0.01281,0.01456,0.01297,0.01464,0.01111,0.01218,0.00969,0.00744,0.00843,0.01200,0.01262,0.00871,0.01365,0.74566,0.01228,0.00890,0.00981,0.01138,0.00933,0.01248,0.01300,0.01436
0.02251,0.01479,0.03097,0.02009,0.03205,0.02048,0.02095,0.01771,0.01617,0.02519,0.02219,0.02309,0.02012,0.01716,0.13558,0.02588,0.01722,0.02313,0.02777,0.38968,0.02925,0.02639,0.02163
0.01687,0.01860,0.02132,0.02539,0.03858,0.03382,0.01927,0.02113,0.01494,0.03058,0.22202,0.03056,0.02382,0.01575,0.02464,0.01536,0.01778,0.02135,0.04791,0.04869,0.01376,0.02009,0.25777
0.01446,0.01794,0.01353,0.01719,0.63940,0.01463,0.01410,0.01368,0.01437,0.01527,0.01954,0.01379,0.01751,0.01615,0.01119,0.01326,0.01327,0.01878,0.01691,0.02113,0.01450,0.02465,0.02471
0.02089,0.01967,0.02420,0.01585,0.39326,0.05343,0.02179,0.01934,0.02688,0.01232,0.01926,0.02177,0.02300,0.01681,0.01959,0.01973,0.01841,0.01737,0.01499,0.02297,0.03104,0.14880,0.01865
0.02270,0.02771,0.01678,0.02325,0.02447,0.02161,0.01616,0.01797,0.01780,0.02848,0.02310,0.02560,0.03006,0.01664,0.02636,0.02199,0.26995,0.01565,0.01748,0.24446,0.03315,0.02546,0.03315
0.01678,0.01463,0.01958,0.01614,0.04305,0.02543,0.02662,0.02506,0.01823,0.02189,0.02327,0.01622,0.16783,0.01999,0.02835,0.01570,0.02149,0.02625,0.02473,0.25656,0.02809,0.04102,0.10308
0.01997,0.01794,0.01974,0.01184,0.01756,0.01402,0.01326,0.01552,0.01531,0.01801,0.01776,0.02213,0.02491,0.01641,0.01422,0.01320,0.02174,0.01684,0.01505,0.01562,0.01803,0.57232,0.06860
0.01582,0.00865,0.00898,0.00948,0.75839,0.01628,0.00819,0.00995,0.00633,0.01262,0.01245,0.01139,0.01291,0.00925,0.00847,0.00766,0.01250,0.00857,0.00934,0.00872,0.01091,0.01366,0.01948
0.01146,0.00960,0.01027,0.01168,0.01022,0.00974,0.01357,0.01215,0.74421,0.01028,0.01448,0.01537,0.01267,0.00865,0.01005,0.01141,0.01039,0.01394,0.01162,0.01139,0.01376,0.01386,0.00923
0.02741,0.02352,0.02025,0.02516,0.13288,0.02936,0.01856,0.01850,0.01455,0.01032,0.01761,0.02202,0.01243,0.01616,0.01565,0.01556,0.02204,0.01360,0.02146,0.02830,0.01575,0.01779,0.46111
0.01250,0.02262,0.02055,0.02161,0.01567,0.01932,0.61549,0.01734,0.01616,0.01191,0.02323,0.01261,0.01916,0.02013,0.01456,0.01134,0.01816,0.01432,0.01783,0.02212,0.01380,0.01569,0.02388
0.01268,0.01671,0.01913,0.01672,0.01413,0.01743,0.01678,0.01154,0.49707,0.01295,0.02034,0.01975,0.01398,0.01903,0.01174,0.01734,0.01350,0.01478,0.01128,0.01361,0.02236,0.17458,0.01257
0.02323,0.02357,0.02941,0.02413,0.01671,0.02471,0.02754,0.02938,0.02411,0.03592,0.02633,0.03338,0.02149,0.02481,0.17596,0.03815,0.03854,0.02171,0.03799,0.04479,0.04008,0.16369,0.07436
0.58061,0.01554,0.02156,0.01825,0.01484,0.01611,0.01289,0.01355,0.01160,0.01021,0.01288,0.01418,0.02277,0.01674,0.01205,0.01471,0.03310,0.01239,0.02179,0.01544,0.01831,0.06909,0.02139
0.00895,0.01276,0.01234,0.00929,0.01259,0.01445,0.00816,0.01065,0.01310,0.01261,0.72142,0.01668,0.01003,0.01218,0.00914,0.00815,0.00935,0.00766,0.02289,0.01064,0.01259,0.03009,0.01429
0.02136,0.01890,0.03723,0.02341,0.18418,0.02533,0.01730,0.01528,0.02021,0.01437,0.02026,0.01765,0.02603,0.01473,0.01305,0.02209,0.01999,0.02724,0.01376,0.01971,0.07677,0.33448,0.01666
0.01949,0.01892,0.02793,0.02122,0.01521,0.01422,0.02013,0.01286,0.52012,0.02118,0.01790,0.01613,0.01609,0.02273,0.01202,0.01209,0.01679,0.01521,0.01509,0.01224,0.12108,0.01572,0.01564
0.01217,0.00766,0.01479,0.00972,0.01351,0.00966,0.00729,0.00815,0.00953,0.01281,0.77937,0.00925,0.00956,0.00765,0.00776,0.00620,0.00927,0.00740,0.01761,0.01143,0.00647,0.01169,0.01104
0.02139,0.02383,0.01508,0.01731,0.01479,0.02173,0.01343,0.01080,0.01643,0.02056,0.01509,0.02388,0.01436,0.01440,0.01471,0.02192,0.31095,0.02022,0.02062,0.02346,0.02210,0.04835,0.27457
0.01560,0.01439,0.00867,0.01462,0.01326,0.01825,0.01491,0.00840,0.00885,0.02085,0.00883,0.01116,0.01273,0.01253,0.00834,0.00972,0.68684,0.01032,0.01274,0.01350,0.01444,0.01247,0.04858
0.01656,0.01651,0.01198,0.01721,0.01075,0.02132,0.01276,0.01102,0.05525,0.02150,0.01858,0.01258,0.01519,0.00993,0.01374,0.00867,0.01309,0.00957,0.01665,0.02610,0.01011,0.01254,0.63842
0.02017,0.01972,0.01826,0.02599,0.04141,0.02041,0.01779,0.01243,0.01774,0.02073,0.02734,0.20120,0.01479,0.02010,0.02437,0.01495,0.01775,0.02790,0.03797,0.01880,0.01484,0.01745,0.34790
0.02481,0.02734,0.01522,0.02098,0.03241,0.02149,0.01468,0.01869,0.01819,0.03782,0.04396,0.01729,0.03069,0.02050,0.01915,0.01582,0.02193,0.01904,0.02559,0.06185,0.03063,0.01902,0.44291
0.03397,0.02107,0.02143,0.01619,0.42049,0.02761,0.01631,0.01481,0.01565,0.01358,0.02498,0.03277,0.02438,0.01261,0.01343,0.01273,0.01854,0.01812,0.01515,0.03093,0.01928,0.15389,0.02209
0.02743,0.02409,0.01733,0.02238,0.01724,0.02333,0.02822,0.01589,0.27732,0.02038,0.01631,0.03768,0.02371,0.02399,0.02027,0.02403,0.02186,0.02495,0.02806,0.02367,0.03056,0.14325,0.10804
0.01324,0.01849,0.01877,0.01706,0.02294,0.01918,0.02337,0.01809,0.10948,0.02231,0.01998,0.02070,0.01997,0.02802,0.01873,0.02611,0.01828,0.01823,0.01819,0.46537,0.02827,0.01792,0.01732
0.02724,0.03761,0.02334,0.02548,0.01961,0.03242,0.02779,0.02031,0.06235,0.06246,0.03218,0.02814,0.02544,0.02225,0.02385,0.02519,0.03285,0.02587,0.03328,0.04121,0.02469,0.03663,0.30983
0.01218,0.01607,0.62292,0.01552,0.02174,0.02442,0.01851,0.01895,0.01422,0.01544,0.01570,0.01296,0.01657,0.01215,0.01623,0.01288,0.01516,0.01953,0.01511,0.01693,0.01521,0.02914,0.02246
0.02719,0.01871,0.02088,0.01797,0.01955,0.01790,0.02146,0.01614,0.01715,0.02243,0.01205,0.02329,0.10121,0.01522,0.01959,0.02050,0.02585,0.01950,0.01998,0.01660,0.02186,0.10322,0.40176
0.02636,0.03831,0.03172,0.01801,0.05546,0.03625,0.03224,0.02542,0.02301,0.01724,0.02723,0.02072,0.03090,0.02147,0.02498,0.02796,0.02007,0.02726,0.02187,0.03103,0.32968,0.03437,0.07843
0.02087,0.01617,0.02048,0.01767,0.02212,0.01485,0.01763,0.01291,0.01658,0.02427,0.02063,0.01276,0.01971,0.01830,0.52555,0.01423,0.02266,0.02238,0.01933,0.03955,0.02863,0.03485,0.03789
0.02385,0.02480,0.02648,0.01653,0.02164,0.01955,0.20265,0.01363,0.04253,0.01673,0.01820,0.01753,0.01826,0.02664,0.01643,0.02525,0.01867,0.02301,0.01859,0.01653,0.33224,0.03991,0.02033
0.01234,0.01925,0.01284,0.01724,0.01179,0.01327,0.00857,0.01427,0.01124,0.01302,0.01969,0.00977,0.01299,0.01757,0.01493,0.01087,0.68316,0.00940,0.01462,0.01291,0.01000,0.01381,0.03646
0.02725,0.02533,0.02368,0.02846,0.01828,0.02379,0.01788,0.01797,0.25338,0.20420,0.01790,0.01872,0.02143,0.02206,0.01501,0.02064,0.03829,0.01600,0.02075,0.01468,0.01899,0.05739,0.07793
0.01596,0.01993,0.01904,0.02083,0.04241,0.02755,0.10257,0.01949,0.02931,0.02119,0.01469,0.01278,0.01793,0.01985,0.01704,0.02803,0.01703,0.01968,0.01914,0.02307,0.03115,0.43474,0.02660
0.01677,0.01538,0.02259,0.01670,0.01495,0.01569,0.01380,0.01366,0.01481,0.01976,0.01584,0.01560,0.01428,0.01868,0.01571,0.01108,0.53707,0.00990,0.01642,0.01836,0.01948,0.03325,0.11022
0.01491,0.01970,0.01261,0.01380,0.01281,0.01316,0.01220,0.01988,0.01206,0.01064,0.01276,0.02073,0.51964,0.01312,0.01338,0.01629,0.01494,0.01613,0.01018,0.01133,0.01092,0.17963,0.01918
0.01431,0.01454,0.01481,0.01525,0.01871,0.01348,0.02337,0.01576,0.01271,0.03017,0.01181,0.01331,0.01552,0.01744,0.01182,0.01013,0.11264,0.01172,0.01275,0.55185,0.01371,0.01412,0.03007
0.02193,0.02092,0.02267,0.02548,0.02354,0.01673,0.01493,0.01214,0.56826,0.01654,0.01892,0.02632,0.01365,0.01543,0.02025,0.01899,0.02371,0.01931,0.01770,0.03038,0.02437,0.01466,0.01315
0.01831,0.01701,0.01340,0.01808,0.03084,0.02477,0.01470,0.03333,0.01602,0.01816,0.03109,0.01772,0.14647,0.01593,0.02126,0.01524,0.03234,0.01523,0.01905,0.30705,0.02457,0.01759,0.13184
0.00783,0.00764,0.00531,0.00906,0.00828,0.01307,0.00642,0.00691,0.00629,0.00951,0.00870,0.00939,0.00873,0.00684,0.00673,0.00821,0.81587,0.00690,0.00857,0.00784,0.00884,0.00879,0.01427
0.00771,0.01119,0.01200,0.01217,0.01308,0.01203,0.00707,0.01235,0.01210,0.01805,0.73639,0.01651,0.01315,0.00839,0.01226,0.00779,0.00920,0.00855,0.01667,0.01639,0.00791,0.01589,0.01315
0.01306,0.01991,0.02315,0.01816,0.01579,0.01210,0.01745,0.01308,0.61618,0.01812,0.01098,0.01683,0.01120,0.03064,0.02108,0.01827,0.01877,0.01215,0.01359,0.03087,0.01543,0.01446,0.01871
0.02065,0.01370,0.01320,0.02013,0.01800,0.01878,0.01890,0.01473,0.01363,0.01836,0.01321,0.01288,0.01303,0.01483,0.00918,0.01211,0.60490,0.00984,0.01878,0.01748,0.02281,0.01826,0.06263
0.02601,0.03421,0.02886,0.03433,0.22958,0.18062,0.02649,0.02376,0.02893,0.01985,0.03337,0.02731,0.02850,0.01669,0.02639,0.01941,0.02125,0.02668,0.02430,0.04682,0.02062,0.05046,0.02560
0.02813,0.01962,0.38439,0.01601,0.02483,0.01627,0.01530,0.01785,0.01747,0.01920,0.01863,0.01440,0.02576,0.02374,0.01833,0.02009,0.02778,0.01905,0.02509,0.01487,0.02603,0.02212,0.18507
0.01508,0.02050,0.01614,0.02155,0.01474,0.02341,0.01628,0.01769,0.02308,0.01712,0.02092,0.01890,0.02772,0.01893,0.15828,0.02193,0.01921,0.02214,0.01864,0.02617,0.02630,0.41617,0.01911
0.01699,0.02052,0.01912,0.02350,0.02021,0.02812,0.01375,0.01151,0.01691,0.01620,0.01671,0.02349,0.23661,0.01436,0.01314,0.02122,0.03074,0.01883,0.01276,0.01116,0.01587,0.31832,0.07995
0.01057,0.01950,0.02718,0.01489,0.17060,0.01971,0.01669,0.01590,0.01996,0.02524,0.01943,0.01505,0.01786,0.01656,0.02064,0.01993,0.02419,0.01423,0.01420,0.41946,0.01726,0.02758,0.03337
0.02731,0.01783,0.02019,0.03140,0.02095,0.02168,0.01747,0.03458,0.01611,0.03503,0.02415,0.02532,0.08040,0.02634,0.02403,0.02347,0.03341,0.02269,0.13857,0.03798,0.01806,0.02937,0.27369
0.01846,0.02168,0.01121,0.01851,0.02047,0.01720,0.01486,0.01831,0.01493,0.01435,0.01493,0.01714,0.16649,0.01428,0.02297,0.01594,0.02091,0.01545,0.01522,0.01722,0.01662,0.40435,0.08851
0.01332,0.00942,0.01497,0.01281,0.00957,0.00831,0.00872,0.01323,0.76156,0.01090,0.01104,0.01029,0.00968,0.01151,0.01137,0.00923,0.01099,0.01007,0.01119,0.01474,0.00920,0.00817,0.00970
0.01971,0.01311,0.01597,0.02830,0.01142,0.01884,0.00945,0.01623,0.00952,0.02237,0.01911,0.01809,0.51910,0.02203,0.02411,0.01508,0.01412,0.01233,0.12495,0.01162,0.01402,0.02016,0.02036
0.02149,0.01552,0.01721,0.02027,0.01495,0.02344,0.02127,0.02791,0.01763,0.03004,0.02170,0.02228,0.01784,0.01706,0.01791,0.01358,0.10399,0.01393,0.02727,0.01993,0.01457,0.06955,0.43066
0.01271,0.02859,0.01634,0.01645,0.02931,0.01681,0.01500,0.01107,0.27167,0.01286,0.01353,0.01448,0.01842,0.01548,0.01020,0.01312,0.01673,0.01243,0.00992,0.01537,0.02136,0.39245,0.01568
0.01972,0.02266,0.01404,0.02034,0.02661,0.04653,0.37572,0.01947,0.02043,0.02154,0.01841,0.02234,0.02697,0.02091,0.01819,0.01383,0.01975,0.01886,0.02151,0.01950,0.02164,0.03084,0.16018
0.01284,0.01131,0.00971,0.01141,0.01044,0.01202,0.01068,0.01670,0.01214,0.01524,0.01135,0.02011,0.01131,0.01324,0.01032,0.01131,0.71385,0.01665,0.01793,0.01184,0.01058,0.01249,0.01652
0.02251,0.01750,0.01882,0.02161,0.04962,0.01973,0.01184,0.01294,0.01223,0.01684,0.01303,0.01466,0.01406,0.01313,0.01496,0.01257,0.01840,0.01381,0.01844,0.01603,0.01621,0.01355,0.61750
0.02328,0.01738,0.02569,0.02107,0.01644,0.02398,0.02108,0.02300,0.01592,0.02604,0.01622,0.02529,0.01669,0.01493,0.06875,0.02053,0.02895,0.01697,0.03001,0.05219,0.01694,0.03474,0.44392
0.02828,0.02035,0.02392,0.01945,0.02744,0.02640,0.01865,0.01870,0.01343,0.01836,0.04647,0.04194,0.02127,0.01648,0.03185,0.02134,0.01829,0.01544,0.36630,0.07408,0.02076,0.05783,0.05298
0.03404,0.01876,0.01872,0.02182,0.02580,0.02119,0.02214,0.01803,0.01926,0.03030,0.03371,0.02510,0.02900,0.01802,0.03100,0.02534,0.03789,0.02882,0.02743,0.31588,0.09047,0.03592,0.07135
0.01001,0.01144,0.00740,0.01344,0.01058,0.01484,0.01286,0.00832,0.00865,0.00820,0.01063,0.00848,0.01040,0.00881,0.00879,0.00823,0.77100,0.01001,0.01055,0.01054,0.00826,0.01017,0.01838
0.01151,0.01914,0.01537,0.01453,0.01143,0.02222,0.00917,0.01610,0.04539,0.01420,0.01754,0.01419,0.01389,0.01279,0.01422,0.01214,0.02488,0.01236,0.01489,0.01787,0.03664,0.02313,0.60640
0.02419,0.03056,0.02080,0.02483,0.01943,0.02418,0.01558,0.02821,0.08894,0.10504,0.02073,0.01678,0.02699,0.01869,0.02064,0.01548,0.03159,0.01897,0.02378,0.02736,0.02921,0.02116,0.34688
0.02132,0.02234,0.02440,0.02454,0.02117,0.03136,0.02294,0.02549,0.08572,0.02092,0.04660,0.02700,0.02109,0.01970,0.01886,0.01765,0.02818,0.01723,0.02357,0.02474,0.02627,0.07850,0.35039
0.02663,0.02825,0.03547,0.01811,0.03989,0.02152,0.01904,0.02413,0.16731,0.01975,0.02227,0.02429,0.01951,0.02406,0.02512,0.02046,0.02741,0.01919,0.02634,0.08818,0.01890,0.02110,0.26307
0.01252,0.01837,0.01977,0.01924,0.47106,0.02429,0.01838,0.01765,0.02621,0.02126,0.02483,0.02426,0.02583,0.01330,0.01644,0.02036,0.01532,0.01394,0.01344,0.06090,0.01311,0.06453,0.04500
0.01344,0.01384,0.02008,0.01686,0.42768,0.26098,0.01261,0.01587,0.01460,0.01467,0.01009,0.01638,0.01588,0.01007,0.01125,0.01157,0.01444,0.01311,0.01133,0.02156,0.01124,0.01391,0.02854
0.04688,0.02140,0.01403,0.02590,0.01581,0.02294,0.01912,0.01849,0.01846,0.01870,0.02273,0.01788,0.02513,0.01893,0.01921,0.02762,0.17075,0.02331,0.01809,0.02575,0.14094,0.02834,0.23961
0.36848,0.02184,0.02887,0.02157,0.02135,0.01847,0.01514,0.02389,0.01782,0.02249,0.02101,0.01614,0.02062,0.02436,0.01631,0.01926,0.03530,0.01982,0.02266,0.02339,0.08588,0.03696,0.09837
0.01343,0.01082,0.00912,0.01292,0.01509,0.01094,0.01200,0.00943,0.00747,0.01035,0.01184,0.00993,0.01269,0.00856,0.00746,0.01077,0.76205,0.00800,0.00845,0.01857,0.01010,0.01086,0.00914
0.02504,0.01285,0.01235,0.01127,0.01319,0.01375,0.01352,0.01329,0.01232,0.01792,0.01052,0.01253,0.01074,0.01095,0.00989,0.01516,0.20005,0.51359,0.01148,0.01242,0.01481,0.01345,0.01892
0.03075,0.02231,0.02300,0.01721,0.01757,0.01350,0.01778,0.02035,0.01915,0.02662,0.01403,0.01483,0.01698,0.02382,0.01999,0.01920,0.33237,0.12807,0.02102,0.06881,0.07091,0.02757,0.03418
0.01623,0.01707,0.01996,0.02141,0.01496,0.01975,0.01345,0.02014,0.01733,0.02133,0.01622,0.01803,0.01452,0.01322,0.40987,0.01656,0.01822,0.01448,0.01519,0.02181,0.22334,0.02043,0.01650
0.02477,0.01481,0.02201,0.01997,0.01457,0.01547,0.01488,0.01362,0.01373,0.01926,0.01996,0.02185,0.01075,0.01909,0.57500,0.02514,0.01889,0.01420,0.02036,0.05211,0.01120,0.02387,0.01447
0.01725,0.00966,0.00862,0.01193,0.01169,0.00981,0.00952,0.00836,0.00859,0.01202,0.01112,0.01008,0.01211,0.00859,0.00985,0.01024,0.72400,0.01012,0.01126,0.03233,0.01519,0.01249,0.02518
0.02623,0.01857,0.02205,0.02171,0.04408,0.03047,0.01917,0.01250,0.02082,0.01728,0.02268,0.01509,0.04062,0.01710,0.01882,0.01720,0.02491,0.02141,0.01800,0.10785,0.02029,0.37580,0.06734
0.01916,0.01350,0.01570,0.01637,0.62012,0.01973,0.01226,0.01409,0.02070,0.01232,0.01955,0.01803,0.01763,0.00930,0.01743,0.01303,0.01528,0.01007,0.01216,0.04608,0.01120,0.01520,0.03108
0.01493,0.01019,0.01445,0.01088,0.01355,0.01365,0.01520,0.01969,0.01448,0.01387,0.01847,0.01568,0.03934,0.01384,0.01620,0.01279,0.02253,0.02188,0.01418,0.62600,0.02145,0.01652,0.02021
0.01591,0.00900,0.01222,0.01666,0.01304,0.01243,0.01834,0.01168,0.72628,0.00959,0.00976,0.01545,0.01640,0.01080,0.00914,0.01355,0.01040,0.01227,0.00960,0.00975,0.01463,0.01081,0.01232
0.01546,0.01268,0.01334,0.01425,0.02711,0.01559,0.00884,0.01646,0.01830,0.01452,0.59469,0.02632,0.01533,0.01568,0.02202,0.01061,0.01509,0.01429,0.02046,0.06448,0.01164,0.01670,0.01613
0.01507,0.01627,0.02047,0.01314,0.54938,0.02567,0.01674,0.01648,0.01495,0.01324,0.02761,0.01504,0.02116,0.01310,0.01497,0.01369,0.01440,0.01469,0.01685,0.01950,0.01388,0.09426,0.01945
0.01771,0.01781,0.01726,0.01928,0.01989,0.01940,0.02179,0.02302,0.01153,0.01417,0.01440,0.02603,0.01166,0.01414,0.40260,0.01468,0.01857,0.01127,0.01548,0.01938,0.02021,0.01978,0.22993
0.03772,0.02884,0.02992,0.03142,0.01737,0.01784,0.01440,0.01642,0.02668,0.02125,0.01110,0.02298,0.02432,0.03066,0.01842,0.01763,0.30787,0.01989,0.02213,0.02223,0.12201,0.12417,0.01475
0.02182,0.02157,0.02301,0.01964,0.02240,0.01901,0.01698,0.02479,0.01418,0.02343,0.02397,0.01700,0.01074,0.01398,0.47660,0.01612,0.02016,0.01381,0.01976,0.10135,0.01846,0.02108,0.04015
0.02121,0.01171,0.01669,0.01742,0.01597,0.02455,0.02192,0.01797,0.01186,0.01869,0.02184,0.02175,0.01827,0.01661,0.47780,0.02601,0.01643,0.01821,0.03781,0.04114,0.01095,0.01576,0.09942
0.01388,0.01684,0.01840,0.01796,0.01555,0.01824,0.01294,0.01601,0.01484,0.01986,0.02430,0.02587,0.01828,0.01574,0.27195,0.05630,0.01618,0.01634,0.02264,0.03078,0.01814,0.29483,0.02414
0.03956,0.03370,0.02178,0.01914,0.01768,0.01798,0.02040,0.02285,0.09138,0.03040,0.02175,0.01953,0.01968,0.01773,0.01653,0.01468,0.02479,0.01345,0.02569,0.02493,0.17369,0.02420,0.28846
0.01715,0.01798,0.01110,0.01677,0.02740,0.06764,0.01247,0.01139,0.01616,0.01269,0.01430,0.01415,0.01187,0.01224,0.01618,0.01173,0.01902,0.01044,0.01254,0.02138,0.01485,0.01192,0.61864
0.01385,0.02486,0.02680,0.02041,0.02028,0.02425,0.01886,0.01981,0.02580,0.02786,0.02171,0.02247,0.01882,0.01459,0.24231,0.02135,0.02462,0.01644,0.02236,0.02687,0.01649,0.11552,0.21368
0.01205,0.01849,0.01747,0.01795,0.01384,0.01825,0.01275,0.01119,0.01785,0.01350,0.01088,0.01499,0.01969,0.01515,0.01432,0.01728,0.07695,0.01470,0.01664,0.01969,0.02093,0.57012,0.03533
0.02705,0.01810,0.02835,0.01997,0.02565,0.04331,0.02168,0.03189,0.03057,0.01830,0.18332,0.01915,0.01821,0.01621,0.02439,0.01287,0.01494,0.02112,0.02137,0.02643,0.01692,0.01950,0.34069
0.01264,0.01282,0.01088,0.01460,0.69119,0.02637,0.01660,0.01490,0.01044,0.01116,0.01669,0.01447,0.01144,0.01178,0.01452,0.01427,0.01361,0.01192,0.01090,0.01599,0.01278,0.01043,0.01961
0.01774,0.01716,0.01372,0.03076,0.02772,0.02464,0.36005,0.02631,0.01737,0.01772,0.02700,0.02113,0.02058,0.01583,0.02202,0.01340,0.02402,0.02620,0.02877,0.17228,0.02038,0.01814,0.03705
0.01606,0.02525,0.02934,0.02057,0.02934,0.01795,0.02495,0.01415,0.29138,0.04756,0.02933,0.02742,0.02034,0.01971,0.03616,0.02533,0.02564,0.02417,0.02732,0.05545,0.03023,0.14339,0.01894
0.01653,0.01508,0.01370,0.01866,0.01708,0.02261,0.63796,0.01281,0.01610,0.01280,0.01465,0.01478,0.01576,0.01768,0.01208,0.01393,0.01108,0.01539,0.01223,0.01729,0.04239,0.01180,0.01762
0.01838,0.02941,0.02245,0.02201,0.02228,0.02812,0.02960,0.01336,0.28428,0.02308,0.02421,0.03213,0.02049,0.01963,0.02132,0.02266,0.03318,0.02619,0.02583,0.02096,0.02561,0.20411,0.03073
0.02230,0.02559,0.02337,0.02444,0.21180,0.02078,0.01542,0.01001,0.01824,0.01313,0.01699,0.01821,0.02821,0.01772,0.01226,0.01748,0.01905,0.01815,0.01949,0.01463,0.01848,0.21217,0.20208
0.01362,0.01750,0.01364,0.02507,0.03760,0.01285,0.56266,0.01828,0.01582,0.01231,0.01590,0.01744,0.01400,0.01880,0.02044,0.01808,0.01636,0.02244,0.01913,0.06052,0.01758,0.01118,0.01877
0.01079,0.01952,0.02268,0.01159,0.01872,0.02115,0.01747,0.02138,0.25818,0.01817,0.02237,0.01661,0.02357,0.01224,0.01590,0.01462,0.01544,0.01100,0.01696,0.01247,0.01932,0.37662,0.02325
0.01762,0.02087,0.01523,0.01547,0.02047,0.02197,0.01610,0.01514,0.02895,0.01447,0.02358,0.01798,0.02265,0.01629,0.01590,0.01422,0.02678,0.01012,0.01518,0.02479,0.02196,0.09738,0.50690
0.01379,0.01705,0.01883,0.01286,0.66121,0.01738,0.02311,0.01278,0.01469,0.00931,0.01336,0.01631,0.01909,0.01336,0.01347,0.01191,0.01109,0.01460,0.01184,0.01732,0.02069,0.01930,0.01666
0.01691,0.01713,0.04745,0.02084,0.03463,0.01673,0.01603,0.03716,0.02012,0.01698,0.02203,0.02103,0.02567,0.02074,0.01979,0.03060,0.03031,0.02703,0.02165,0.16975,0.31550,0.02536,0.02656
0.01718,0.01633,0.01217,0.01281,0.01578,0.02231,0.01108,0.01222,0.01566,0.01550,0.08321,0.01199,0.02222,0.01092,0.01338,0.01028,0.01358,0.01067,0.01462,0.01314,0.01210,0.01726,0.61559
0.01731,0.01958,0.02438,0.01773,0.02096,0.01427,0.01284,0.01770,0.00953,0.01845,0.02348,0.01363,0.01142,0.01661,0.59825,0.01171,0.01746,0.01423,0.01458,0.06459,0.01335,0.01364,0.01430
0.01703,0.01698,0.01315,0.01886,0.02333,0.02300,0.01307,0.01287,0.02119,0.01928,0.54788,0.02597,0.01690,0.02728,0.01989,0.01810,0.01351,0.01077,0.01784,0.07237,0.01695,0.01597,0.01782
0.02251,0.03531,0.02617,0.02487,0.29582,0.05819,0.03781,0.01393,0.02044,0.01514,0.02720,0.01519,0.02462,0.02006,0.01515,0.02591,0.01685,0.02636,0.01156,0.02293,0.05295,0.15916,0.03188
0.01935,0.01217,0.01424,0.01432,0.01061,0.01820,0.01335,0.01972,0.01169,0.01555,0.01373,0.01200,0.01511,0.01416,0.01148,0.01669,0.65643,0.01217,0.01485,0.01057,0.02124,0.02457,0.02783
0.01014,0.00705,0.00800,0.00962,0.00833,0.01050,0.00883,0.00905,0.00616,0.01204,0.00851,0.01063,0.00885,0.00702,0.00549,0.00625,0.80725,0.00660,0.00875,0.00824,0.00820,0.01002,0.01449
0.01970,0.02468,0.03057,0.01946,0.02020,0.02074,0.02292,0.02057,0.46829,0.02077,0.02943,0.01958,0.01290,0.03049,0.03528,0.02552,0.01566,0.01985,0.05377,0.03348,0.02427,0.01228,0.01960
0.00957,0.01033,0.01295,0.00886,0.01203,0.01235,0.00700,0.00749,0.01026,0.01367,0.77504,0.00803,0.00968,0.00733,0.00873,0.00644,0.00889,0.00719,0.01920,0.00805,0.00928,0.01368,0.01395
0.02317,0.03221,0.02194,0.02445,0.02276,0.02866,0.02018,0.01979,0.01774,0.02301,0.02147,0.04273,0.01813,0.02094,0.02084,0.02222,0.05210,0.01572,0.02740,0.02950,0.09811,0.02234,0.37460
0.01697,0.01591,0.01473,0.02651,0.02013,0.01912,0.02616,0.01420,0.01735,0.01618,0.02081,0.01864,0.12460,0.01160,0.02006,0.01490,0.04707,0.02465,0.02327,0.10517,0.01668,0.05098,0.33432
0.02645,0.02493,0.01316,0.02023,0.01994,0.01705,0.02001,0.01452,0.01590,0.03214,0.02055,0.01819,0.02484,0.01870,0.01974,0.01553,0.39973,0.01971,0.02042,0.04274,0.01618,0.02066,0.15872
0.01830,0.03430,0.02174,0.01736,0.01661,0.01783,0.01838,0.01352,0.23616,0.01512,0.01419,0.01820,0.03474,0.02237,0.01947,0.02025,0.01746,0.01678,0.01460,0.01663,0.05742,0.31636,0.02222
0.01803,0.02237,0.03131,0.01531,0.02136,0.02628,0.01455,0.01428,0.02156,0.02281,0.02312,0.01528,0.51995,0.02476,0.01642,0.01939,0.03991,0.01882,0.01616,0.02884,0.02091,0.02173,0.02685
0.01888,0.01897,0.02184,0.01415,0.50776,0.02149,0.03313,0.01683,0.01717,0.01753,0.02062,0.02443,0.02323,0.01197,0.01230,0.01025,0.01864,0.01203,0.01579,0.01565,0.01091,0.10529,0.03114
0.02194,0.04272,0.03232,0.01744,0.02215,0.02050,0.02668,0.02215,0.28468,0.02176,0.03103,0.01958,0.01983,0.02081,0.02108,0.03096,0.01920,0.02024,0.02236,0.05566,0.08298,0.11540,0.02854
0.02168,0.02228,0.02363,0.01696,0.02822,0.02458,0.49714,0.04285,0.01532,0.02022,0.03055,0.01909,0.01560,0.01468,0.02101,0.01990,0.01741,0.01795,0.02137,0.04682,0.01863,0.01691,0.02720
0.01626,0.01520,0.00937,0.01726,0.01622,0.01778,0.56446,0.01277,0.01389,0.02885,0.01746,0.01838,0.01570,0.01926,0.01435,0.01316,0.01481,0.01421,0.01588,0.01682,0.01334,0.01170,0.10290
0.02543,0.01465,0.01491,0.01366,0.01897,0.01927,0.50370,0.13839,0.01558,0.01721,0.01583,0.01888,0.01490,0.01667,0.01929,0.01734,0.01175,0.01717,0.02304,0.01811,0.01434,0.01853,0.01239
0.02143,0.02206,0.01840,0.02576,0.01878,0.01857,0.02110,0.01637,0.31748,0.01768,0.01934,0.02649,0.01707,0.01485,0.01737,0.01404,0.02598,0.01671,0.02444,0.01951,0.01853,0.01539,0.27264
0.01839,0.01935,0.02074,0.03099,0.02584,0.02006,0.02414,0.01610,0.02092,0.02088,0.03153,0.01847,0.03312,0.01405,0.01922,0.01656,0.28917,0.05550,0.02503,0.10351,0.02294,0.05383,0.09968
0.01933,0.01849,0.01480,0.02025,0.01631,0.01042,0.01390,0.01970,0.01099,0.01490,0.01635,0.01413,0.01068,0.01363,0.65663,0.01231,0.01344,0.01843,0.01288,0.01882,0.03141,0.01084,0.01138
0.01749,0.01764,0.01924,0.01875,0.02866,0.02400,0.01625,0.01973,0.01868,0.02786,0.02794,0.01677,0.02349,0.01789,0.24720,0.03037,0.01974,0.01816,0.01936,0.06561,0.01966,0.03528,0.25022
0.01253,0.00912,0.00914,0.01005,0.01261,0.01424,0.71051,0.02470,0.00945,0.01077,0.01539,0.00916,0.01428,0.01352,0.00878,0.01130,0.01061,0.01012,0.01760,0.00936,0.00823,0.03605,0.01250
0.01922,0.01464,0.02028,0.01111,0.01895,0.01444,0.01256,0.01348,0.01642,0.01690,0.08679,0.02097,0.02781,0.01193,0.01336,0.01233,0.00910,0.01184,0.02152,0.01807,0.01542,0.57645,0.01643
0.02787,0.02159,0.02222,0.03102,0.02332,0.02718,0.01672,0.01693,0.02240,0.02856,0.02073,0.02120,0.02968,0.02236,0.02041,0.02288,0.07681,0.02286,0.03364,0.06652,0.03206,0.19633,0.19671
0.01513,0.01331,0.02107,0.01487,0.02205,0.01486,0.00997,0.01259,0.01454,0.01356,0.66826,0.01882,0.01158,0.01159,0.01082,0.01062,0.01163,0.01152,0.02846,0.01573,0.01147,0.01367,0.02386
0.01374,0.01789,0.01297,0.01702,0.01529,0.01802,0.01280,0.01287,0.01417,0.01250,0.01737,0.02267,0.01264,0.01196,0.66338,0.01633,0.01278,0.01111,0.01446,0.01251,0.02092,0.02182,0.01478
0.00874,0.01476,0.02798,0.01248,0.02109,0.01455,0.01604,0.01357,0.01369,0.02066,0.02438,0.01530,0.01565,0.01173,0.01528,0.01083,0.01864,0.01236,0.02070,0.38125,0.01310,0.26823,0.02897
0.01578,0.01609,0.01790,0.01642,0.02245,0.01707,0.02048,0.03241,0.01665,0.02104,0.02432,0.01595,0.46543,0.02436,0.02210,0.02697,0.02162,0.02933,0.02482,0.07609,0.02718,0.02295,0.02260
0.01172,0.01514,0.01261,0.01945,0.01099,0.02169,0.00798,0.01165,0.01013,0.01796,0.01779,0.01533,0.68611,0.01105,0.01265,0.01160,0.01569,0.01300,0.01600,0.01223,0.01298,0.01595,0.02030
0.02093,0.01765,0.01714,0.02793,0.04307,0.02547,0.01569,0.01991,0.01682,0.02235,0.16930,0.01835,0.01932,0.01321,0.03200,0.01462,0.02364,0.01691,0.03718,0.11724,0.01150,0.01786,0.28192
0.01357,0.01616,0.01073,0.01812,0.01475,0.01271,0.01098,0.00738,0.00907,0.01804,0.01057,0.01004,0.00879,0.00795,0.00655,0.00991,0.74501,0.01079,0.00858,0.01579,0.01122,0.00810,0.01518
0.00844,0.00572,0.01037,0.00739,0.00754,0.01558,0.00498,0.00967,0.01122,0.00612,0.00983,0.00831,0.00952,0.00548,0.00927,0.00745,0.00680,0.00750,0.00698,0.01089,0.00706,0.00929,0.81462
0.01322,0.01113,0.01378,0.00772,0.01478,0.01018,0.00948,0.00956,0.01110,0.01515,0.74862,0.01030,0.00967,0.01100,0.01087,0.00750,0.01227,0.00852,0.01229,0.00938,0.01851,0.01678,0.00820
0.01155,0.00976,0.00951,0.01134,0.01563,0.01910,0.74549,0.00915,0.00936,0.01281,0.01123,0.01115,0.00766,0.01200,0.00899,0.01212,0.01011,0.00982,0.01253,0.00822,0.02139,0.00941,0.01169
0.01524,0.01393,0.01528,0.01255,0.01633,0.01513,0.01709,0.01499,0.01216,0.01562,0.01056,0.01415,0.00971,0.01008,0.68336,0.01070,0.01278,0.01379,0.01492,0.01308,0.01121,0.01265,0.03469
0.01334,0.00998,0.00819,0.01128,0.01008,0.01457,0.01412,0.01554,0.00890,0.01142,0.01375,0.01423,0.01477,0.00914,0.00766,0.00951,0.73783,0.00748,0.00985,0.01388,0.01001,0.01944,0.01502
0.01907,0.01024,0.01007,0.01526,0.00848,0.01036,0.00975,0.01168,0.01248,0.01313,0.00846,0.01221,0.01296,0.01224,0.00962,0.01094,0.71972,0.00881,0.01606,0.01265,0.01435,0.02928,0.01220
0.02913,0.01378,0.01844,0.01421,0.01495,0.03388,0.52273,0.08256,0.01903,0.01958,0.01817,0.01678,0.01903,0.01599,0.01329,0.01390,0.01668,0.02339,0.02462,0.01235,0.01785,0.02055,0.01911
0.01455,0.01614,0.01197,0.01961,0.02663,0.01683,0.62630,0.01402,0.01366,0.01177,0.02038,0.01371,0.00993,0.01840,0.01533,0.01365,0.01338,0.01691,0.01654,0.04020,0.01984,0.00778,0.02247
0.01360,0.01367,0.01198,0.01319,0.02659,0.01976,0.01679,0.01120,0.01749,0.01886,0.02147,0.01434,0.02071,0.01436,0.02146,0.01508,0.37481,0.01416,0.01389,0.27711,0.01492,0.01297,0.02158
0.01225,0.01081,0.02544,0.01773,0.01814,0.01554,0.01252,0.01662,0.01810,0.03655,0.50250,0.13193,0.01848,0.01704,0.01373,0.01424,0.01324,0.01233,0.02544,0.01225,0.01468,0.02003,0.02042
0.01653,0.01462,0.01727,0.01418,0.02382,0.01470,0.01367,0.01107,0.01393,0.01678,0.02534,0.01438,0.01756,0.00913,0.01457,0.01478,0.01171,0.01415,0.02333,0.04112,0.01249,0.62412,0.02076
0.01379,0.01056,0.01056,0.01222,0.01064,0.01502,0.01033,0.00914,0.01041,0.02079,0.01018,0.01126,0.01434,0.01465,0.00976,0.01130,0.58496,0.01099,0.01334,0.01573,0.01572,0.01388,0.15044
0.01897,0.01943,0.37690,0.02466,0.02235,0.02223,0.01828,0.02093,0.02719,0.01976,0.02163,0.02182,0.02637,0.01707,0.02517,0.01682,0.02013,0.02035,0.02067,0.01889,0.02914,0.16655,0.02468
0.01066,0.01206,0.01437,0.01495,0.01576,0.01299,0.01045,0.01461,0.01435,0.01446,0.69479,0.01599,0.02001,0.01911,0.01248,0.00941,0.01318,0.01036,0.01520,0.01077,0.01549,0.01217,0.01636
0.01619,0.01801,0.01882,0.02144,0.36434,0.21562,0.01874,0.01531,0.02039,0.01700,0.01906,0.01837,0.02832,0.01859,0.02032,0.01683,0.02334,0.01576,0.01869,0.03024,0.01607,0.02648,0.02209
0.01676,0.01585,0.01484,0.01416,0.01059,0.01118,0.01361,0.01554,0.01398,0.01218,0.01175,0.01578,0.01322,0.01739,0.01290,0.01035,0.69899,0.01288,0.01373,0.01116,0.01492,0.01886,0.00938
0.01967,0.02217,0.01177,0.02091,0.12521,0.01537,0.01792,0.01229,0.01421,0.01494,0.02392,0.02350,0.02297,0.01038,0.01070,0.01505,0.01705,0.01699,0.01613,0.02182,0.01768,0.49648,0.03288
0.01951,0.02979,0.02280,0.03464,0.02506,0.02954,0.03063,0.02621,0.02177,0.02542,0.02446,0.02340,0.20546,0.02437,0.03286,0.02461,0.03116,0.02269,0.02372,0.06494,0.02328,0.05596,0.17770
0.02814,0.02369,0.03056,0.02565,0.14385,0.05949,0.02055,0.02693,0.02007,0.02143,0.02218,0.02175,0.02352,0.01797,0.02686,0.02379,0.02369,0.02458,0.01785,0.18656,0.05691,0.02278,0.13120
0.01957,0.01688,0.01150,0.03105,0.01996,0.02088,0.02196,0.01553,0.01169,0.01921,0.01989,0.01532,0.19897,0.01406,0.01611,0.01260,0.02093,0.01538,0.02798,0.02076,0.01172,0.02346,0.41458
0.02049,0.02722,0.01509,0.01933,0.02038,0.02307,0.01573,0.01561,0.01563,0.02376,0.01933,0.02730,0.02096,0.01896,0.01736,0.02073,0.27743,0.22780,0.02646,0.02354,0.02296,0.03143,0.06943
0.01684,0.02562,0.02777,0.01512,0.02284,0.02408,0.23909,0.24349,0.02200,0.01467,0.02396,0.03055,0.03604,0.02067,0.01864,0.02689,0.02561,0.02039,0.02542,0.02185,0.02284,0.03246,0.04315
0.01261,0.01366,0.01918,0.00996,0.01157,0.01733,0.01713,0.01352,0.64668,0.01951,0.02179,0.02676,0.01144,0.01311,0.00998,0.00988,0.02331,0.01215,0.01401,0.01095,0.01916,0.03210,0.01422
0.02445,0.01787,0.01720,0.01839,0.01774,0.01415,0.01449,0.01172,0.48834,0.01599,0.01407,0.01526,0.01582,0.02523,0.01606,0.01622,0.01874,0.01104,0.01527,0.01365,0.16899,0.01318,0.01612
0.03313,0.02777,0.01687,0.02343,0.02113,0.01697,0.02407,0.01981,0.32108,0.02389,0.03644,0.01777,0.02448,0.01389,0.01777,0.01615,0.02590,0.01845,0.02345,0.11043,0.01588,0.01156,0.13966
0.03751,0.02402,0.04238,0.02548,0.02516,0.01894,0.02170,0.02246,0.09619,0.02063,0.01888,0.02454,0.01953,0.02999,0.01911,0.02536,0.04734,0.02359,0.03150,0.08638,0.09852,0.06270,0.17810
0.02212,0.01488,0.03281,0.01701,0.01960,0.01836,0.52768,0.01290,0.01262,0.01365,0.01789,0.01758,0.01353,0.02079,0.01104,0.01319,0.01227,0.01711,0.01876,0.00874,0.01975,0.12423,0.01349
0.02074,0.01869,0.01905,0.01751,0.02022,0.02402,0.01759,0.03040,0.03441,0.02491,0.01805,0.02100,0.02140,0.02654,0.12154,0.14676,0.02367,0.01764,0.02366,0.02133,0.01432,0.02339,0.29317
0.01745,0.01800,0.02536,0.02355,0.07551,0.03308,0.01672,0.01780,0.01606,0.01394,0.02617,0.02077,0.01808,0.01524,0.01756,0.01126,0.01588,0.01787,0.02650,0.02193,0.01532,0.04474,0.49124
0.01538,0.01919,0.01627,0.02139,0.01446,0.01134,0.01315,0.01497,0.02091,0.01616,0.01358,0.01705,0.01444,0.02196,0.01337,0.01233,0.59049,0.01113,0.01538,0.01783,0.02908,0.06480,0.01533
0.01580,0.01682,0.01510,0.01389,0.01546,0.01993,0.01322,0.01626,0.01164,0.01514,0.02077,0.01733,0.25032,0.02095,0.01415,0.02163,0.01481,0.01362,0.01355,0.01128,0.01994,0.40742,0.02098
0.02082,0.01224,0.01221,0.01088,0.01894,0.02168,0.01067,0.01197,0.01180,0.01312,0.01611,0.01301,0.01605,0.01252,0.49947,0.01339,0.01538,0.01294,0.01533,0.02621,0.00884,0.01259,0.19384
0.02056,0.01648,0.03631,0.02044,0.03166,0.01699,0.01640,0.01485,0.01195,0.01750,0.02270,0.01146,0.01697,0.01201,0.01513,0.01075,0.01626,0.01758,0.02125,0.03933,0.01349,0.01625,0.58367
0.02455,0.01950,0.02606,0.01951,0.01975,0.02215,0.01519,0.02675,0.30315,0.01657,0.01645,0.01868,0.02102,0.01674,0.01663,0.01145,0.01470,0.01407,0.01994,0.02547,0.01851,0.01667,0.29651
0.01670,0.01268,0.01303,0.01751,0.01752,0.02119,0.56759,0.01221,0.02426,0.01734,0.01402,0.01655,0.01707,0.01652,0.01263,0.02036,0.01122,0.01931,0.01988,0.01321,0.01718,0.09064,0.01139
0.02278,0.01352,0.02126,0.01703,0.02347,0.02052,0.01902,0.02411,0.01012,0.02418,0.02875,0.02185,0.01872,0.01976,0.44870,0.04894,0.01633,0.01877,0.01668,0.06427,0.02727,0.04551,0.02845
0.02786,0.02458,0.02800,0.02307,0.12700,0.02667,0.02304,0.02486,0.02120,0.02475,0.02724,0.02203,0.02586,0.01762,0.02857,0.02068,0.02760,0.01934,0.02780,0.18053,0.01719,0.20536,0.02915
0.01960,0.01598,0.01791,0.01258,0.01424,0.01565,0.01843,0.01530,0.01405,0.01359,0.01773,0.01561,0.01470,0.01503,0.62710,0.01380,0.01281,0.01233,0.01454,0.01668,0.01331,0.04365,0.02537
0.02570,0.02567,0.02758,0.01916,0.02917,0.02712,0.02605,0.02393,0.02055,0.02835,0.02963,0.02343,0.03109,0.02141,0.23438,0.06339,0.02713,0.02205,0.03090,0.02187,0.02410,0.08350,0.13385
0.02652,0.02758,0.01429,0.01706,0.02320,0.03145,0.01813,0.01345,0.03562,0.01534,0.02392,0.01809,0.18935,0.02607,0.02133,0.02022,0.02866,0.02160,0.02160,0.02152,0.08524,0.06651,0.23326
0.02195,0.02578,0.01608,0.01696,0.01908,0.02144,0.01505,0.01617,0.01725,0.03218,0.01958,0.02122,0.01731,0.01302,0.01877,0.01282,0.09871,0.01567,0.01692,0.49267,0.01822,0.01587,0.03729
0.02569,0.02715,0.01562,0.01756,0.02852,0.03982,0.02025,0.01410,0.07352,0.02129,0.02763,0.02126,0.01837,0.01638,0.03099,0.01429,0.02663,0.01910,0.02488,0.05435,0.01759,0.01882,0.42622
0.02378,0.01741,0.01405,0.02155,0.03300,0.01938,0.57402,0.01525,0.01913,0.01283,0.01815,0.01415,0.01721,0.02544,0.01367,0.01927,0.01576,0.01688,0.01482,0.01567,0.03487,0.03144,0.01226
0.01450,0.01852,0.00953,0.01540,0.01462,0.01617,0.00976,0.00840,0.01194,0.02384,0.00992,0.01204,0.02134,0.01496,0.00941,0.01094,0.66503,0.00810,0.01170,0.01292,0.01052,0.01201,0.05843
0.01771,0.02829,0.01742,0.02360,0.02066,0.02109,0.01930,0.01633,0.41410,0.09891,0.02158,0.02768,0.01955,0.02004,0.01782,0.01648,0.02872,0.01728,0.01773,0.02470,0.01970,0.03377,0.05755
0.01448,0.01038,0.01162,0.01209,0.01178,0.00970,0.00921,0.01062,0.00916,0.00893,0.00971,0.01203,0.00749,0.00940,0.76971,0.01305,0.00862,0.00970,0.01005,0.01162,0.00957,0.01050,0.01057
0.02454,0.02076,0.01289,0.01794,0.01854,0.01894,0.31593,0.02182,0.02295,0.02695,0.01893,0.01894,0.01556,0.02034,0.02456,0.01712,0.03496,0.01974,0.02939,0.03016,0.02064,0.04496,0.20343
0.01705,0.01587,0.01966,0.02117,0.02046,0.03692,0.01654,0.01960,0.01651,0.01413,0.01554,0.02523,0.01465,0.01351,0.55692,0.02388,0.01934,0.01452,0.01644,0.01967,0.01529,0.03224,0.03487
0.02504,0.02118,0.01624,0.01965,0.01521,0.01598,0.01469,0.01943,0.01978,0.02599,0.01094,0.01594,0.01400,0.01970,0.01749,0.01693,0.54175,0.01239,0.01553,0.03069,0.05719,0.02235,0.03190
0.02582,0.01699,0.01404,0.01518,0.01164,0.01405,0.02428,0.01509,0.60787,0.01236,0.01261,0.02565,0.01531,0.02641,0.01259,0.01428,0.02892,0.01414,0.01867,0.01296,0.02366,0.01974,0.01775
0.01934,0.01233,0.01719,0.01628,0.01951,0.01866,0.46501,0.21439,0.01401,0.01130,0.01770,0.01732,0.01270,0.01637,0.01515,0.01150,0.01168,0.01388,0.01821,0.01738,0.01572,0.01238,0.01199
0.03654,0.02871,0.02225,0.01828,0.01788,0.02775,0.10502,0.02024,0.02591,0.01382,0.01797,0.01441,0.03082,0.02345,0.01381,0.02008,0.01875,0.03656,0.01402,0.01792,0.31710,0.12991,0.02880
0.01683,0.01835,0.01317,0.01738,0.02693,0.02910,0.53240,0.01470,0.02081,0.01926,0.01650,0.02168,0.03540,0.01779,0.01836,0.01588,0.01296,0.02718,0.02142,0.02371,0.01781,0.02481,0.03759
0.01155,0.01545,0.02222,0.01471,0.01456,0.01396,0.01235,0.01137,0.01318,0.01734,0.01816,0.01671,0.01873,0.01640,0.01792,0.01000,0.42884,0.01428,0.01929,0.02714,0.01487,0.23553,0.01546
0.01867,0.02205,0.02016,0.01201,0.03396,0.02186,0.01842,0.01805,0.02004,0.01463,0.02409,0.01995,0.02434,0.01098,0.01201,0.01546,0.01057,0.01338,0.01537,0.01640,0.01323,0.58066,0.04371
0.02134,0.01589,0.01223,0.02074,0.62132,0.02125,0.01751,0.01154,0.01483,0.01288,0.01345,0.01727,0.01614,0.01064,0.00803,0.00882,0.01386,0.01292,0.01852,0.01419,0.01116,0.01604,0.06943
0.01601,0.02323,0.02197,0.02112,0.15589,0.46990,0.01499,0.01724,0.01773,0.01676,0.01623,0.02108,0.02160,0.01713,0.01345,0.02248,0.01460,0.01728,0.01268,0.01891,0.01666,0.01559,0.01748
0.01632,0.01573,0.01621,0.02373,0.01490,0.01896,0.60999,0.01342,0.01999,0.01332,0.01729,0.02081,0.01803,0.01409,0.01469,0.01192,0.01749,0.02145,0.01694,0.01215,0.02176,0.03156,0.01927
0.00984,0.00765,0.00604,0.00832,0.00808,0.01022,0.01032,0.00638,0.00762,0.01216,0.00656,0.00681,0.00958,0.00652,0.00534,0.00884,0.81563,0.00755,0.00786,0.01079,0.00710,0.00947,0.01131
0.01608,0.01177,0.00969,0.01258,0.00876,0.01162,0.01151,0.01106,0.01179,0.01545,0.01352,0.01368,0.01327,0.00916,0.00925,0.01007,0.72305,0.01046,0.01191,0.01186,0.01356,0.01524,0.02465
0.01679,0.01919,0.01894,0.01557,0.02244,0.01665,0.01629,0.01663,0.43561,0.01396,0.01666,0.02552,0.01385,0.02049,0.01668,0.01893,0.01571,0.01337,0.01711,0.01385,0.02975,0.19056,0.01545
0.02180,0.01636,0.01802,0.01966,0.06765,0.53672,0.01612,0.01681,0.01590,0.01586,0.01622,0.02163,0.01888,0.01827,0.01781,0.02130,0.01996,0.01458,0.01483,0.03177,0.02442,0.01845,0.01698
0.56029,0.01728,0.01472,0.02204,0.01720,0.01629,0.01541,0.02128,0.01360,0.01753,0.01568,0.01225,0.02671,0.01293,0.01494,0.01269,0.01176,0.01698,0.01961,0.02110,0.01399,0.01884,0.08687
0.02876,0.02383,0.02541,0.01820,0.01510,0.01487,0.02520,0.01685,0.10071,0.02132,0.01377,0.01855,0.01774,0.02107,0.01638,0.02184,0.04656,0.01919,0.01334,0.02658,0.32444,0.15050,0.01979
0.02100,0.01747,0.02940,0.02041,0.02133,0.02075,0.02085,0.01664,0.01542,0.02430,0.03278,0.01942,0.01148,0.01643,0.49132,0.01731,0.01512,0.02240,0.02037,0.08373,0.03118,0.01476,0.01614
0.02510,0.02095,0.02880,0.01994,0.02699,0.03882,0.01959,0.02278,0.27728,0.01798,0.02094,0.02455,0.02811,0.01653,0.02737,0.01840,0.03228,0.02192,0.02301,0.03575,0.02222,0.04449,0.18618
0.02378,0.03570,0.01904,0.02164,0.05725,0.04268,0.02832,0.01713,0.02061,0.01496,0.02808,0.02110,0.01564,0.01828,0.02037,0.01457,0.01643,0.01881,0.03561,0.02931,0.01634,0.02347,0.46087
0.01003,0.01581,0.01646,0.01475,0.01413,0.01751,0.01382,0.01709,0.02179,0.01510,0.02412,0.01621,0.02367,0.01102,0.01333,0.01893,0.01315,0.01278,0.01418,0.01023,0.01258,0.63879,0.03451
0.01037,0.00959,0.00969,0.01424,0.01966,0.01639,0.73428,0.00765,0.00889,0.01135,0.01174,0.00984,0.01240,0.01197,0.00922,0.01088,0.01252,0.01196,0.01439,0.01041,0.01469,0.01186,0.01600
0.01220,0.01207,0.01106,0.03252,0.01449,0.01916,0.01215,0.02762,0.01723,0.01534,0.01323,0.03009,0.59351,0.03100,0.01569,0.01804,0.01819,0.01064,0.03307,0.01957,0.01790,0.01193,0.01333
0.08434,0.01795,0.01832,0.03408,0.02555,0.01905,0.01201,0.02289,0.02072,0.01496,0.02252,0.02036,0.01711,0.01570,0.01764,0.01297,0.02207,0.01606,0.01998,0.43274,0.01827,0.01612,0.09857
0.01162,0.01622,0.01649,0.01530,0.04290,0.01812,0.01636,0.01200,0.01126,0.01450,0.01821,0.01495,0.02235,0.01146,0.01129,0.01306,0.01357,0.02218,0.02695,0.01952,0.01495,0.61937,0.01737
0.01778,0.01769,0.02378,0.01762,0.01604,0.01687,0.04124,0.53305,0.01677,0.01585,0.02002,0.01931,0.01698,0.01510,0.01696,0.02087,0.01475,0.01842,0.01630,0.01804,0.01314,0.08050,0.01290
0.01156,0.01582,0.01243,0.01006,0.02079,0.01431,0.01188,0.00907,0.00984,0.01686,0.01153,0.01081,0.01456,0.01299,0.01351,0.01098,0.67113,0.01133,0.01192,0.05300,0.01255,0.01168,0.02138
0.01865,0.02475,0.02165,0.02499,0.02629,0.01743,0.01878,0.01398,0.39740,0.01682,0.01727,0.01760,0.01498,0.01702,0.01554,0.01787,0.02490,0.02184,0.02114,0.19963,0.01409,0.01464,0.02273
0.02039,0.01467,0.01956,0.01819,0.54816,0.05608,0.01456,0.02367,0.01225,0.02445,0.01646,0.01696,0.01796,0.01815,0.01837,0.01267,0.01608,0.01362,0.02236,0.02633,0.01390,0.01724,0.03791
0.01265,0.01123,0.03057,0.01141,0.03994,0.01271,0.01041,0.01533,0.01496,0.02474,0.19714,0.01754,0.02785,0.01231,0.01500,0.01497,0.01266,0.01328,0.02456,0.02790,0.01239,0.42220,0.01826
0.01350,0.01093,0.01206,0.01639,0.01338,0.01119,0.01108,0.01362,0.01062,0.00949,0.01699,0.01653,0.01096,0.01298,0.12267,0.01348,0.01670,0.01224,0.01509,0.60441,0.01262,0.01088,0.01219
0.20706,0.18308,0.02109,0.02569,0.02279,0.02275,0.02244,0.01904,0.02683,0.01548,0.01715,0.02347,0.03111,0.01620,0.01691,0.01647,0.04185,0.03188,0.03945,0.01575,0.02748,0.12902,0.02702
0.01041,0.01368,0.01018,0.01645,0.00982,0.01566,0.00805,0.00875,0.00884,0.01438,0.01419,0.01319,0.73122,0.01298,0.01731,0.00978,0.01271,0.01040,0.01301,0.00922,0.01073,0.01606,0.01298
0.02583,0.01087,0.03452,0.01450,0.02260,0.02238,0.01368,0.01947,0.01185,0.01794,0.03080,0.02209,0.01511,0.01881,0.14184,0.01826,0.02425,0.01716,0.02316,0.41789,0.02054,0.03937,0.01708
0.01187,0.01324,0.01857,0.01652,0.01781,0.02821,0.00957,0.01194,0.01432,0.01101,0.01745,0.01214,0.01311,0.00930,0.09394,0.01718,0.01479,0.01126,0.01222,0.01841,0.01485,0.01836,0.59393
0.01893,0.02074,0.03157,0.02074,0.02217,0.02247,0.01536,0.02724,0.18091,0.01937,0.02310,0.02448,0.02687,0.02295,0.04157,0.01862,0.02996,0.01651,0.02326,0.04978,0.01925,0.18001,0.14415
0.01728,0.01159,0.01448,0.01100,0.68824,0.01643,0.01127,0.01181,0.01265,0.01793,0.01685,0.01044,0.01585,0.01338,0.01060,0.00951,0.02007,0.00862,0.01121,0.01243,0.01175,0.03177,0.01485
0.02083,0.01843,0.01554,0.01632,0.02640,0.02893,0.39177,0.03241,0.01545,0.01519,0.02119,0.02308,0.01337,0.02453,0.03081,0.01815,0.01474,0.02874,0.07443,0.09853,0.01954,0.01266,0.03897
0.14550,0.03202,0.01898,0.02140,0.02909,0.02375,0.02032,0.01815,0.02408,0.01423,0.01509,0.01829,0.03141,0.02233,0.02009,0.01736,0.02575,0.02453,0.02453,0.01478,0.02348,0.38231,0.03253
0.01521,0.01183,0.01320,0.01299,0.01479,0.01274,0.01217,0.01356,0.01368,0.00819,0.01001,0.01731,0.00934,0.01275,0.64170,0.07925,0.00995,0.01670,0.01635,0.01620,0.01167,0.01691,0.01351
0.02221,0.01419,0.01388,0.01967,0.01939,0.02181,0.01853,0.01462,0.01258,0.01883,0.01659,0.01314,0.01438,0.01205,0.29862,0.01340,0.01108,0.01379,0.01504,0.02242,0.01286,0.01389,0.36707
0.01581,0.02847,0.02169,0.01941,0.01579,0.02224,0.01143,0.01257,0.01437,0.01711,0.01495,0.01311,0.01819,0.02000,0.01526,0.01378,0.42647,0.01520,0.02308,0.02140,0.01966,0.19559,0.02444
0.00778,0.00909,0.01235,0.00839,0.00844,0.00849,0.00676,0.00958,0.00942,0.00897,0.79935,0.00777,0.00969,0.00784,0.00663,0.00698,0.00984,0.00657,0.01783,0.00601,0.00901,0.01101,0.01218
0.02232,0.02330,0.04630,0.02650,0.18848,0.03885,0.02804,0.02450,0.02214,0.02097,0.03056,0.03259,0.02262,0.03029,0.01992,0.02775,0.02015,0.02306,0.04048,0.05646,0.07330,0.13250,0.04893
0.01543,0.01649,0.01729,0.01866,0.01878,0.02193,0.01332,0.03354,0.01585,0.01885,0.01917,0.02041,0.49299,0.01805,0.04055,0.02864,0.01588,0.02634,0.02390,0.05347,0.02420,0.02659,0.01966
0.02123,0.02014,0.02143,0.02254,0.02172,0.02732,0.03156,0.01910,0.01583,0.02467,0.01654,0.02560,0.02515,0.02466,0.01960,0.01897,0.14733,0.01757,0.01996,0.03581,0.04754,0.17506,0.20069
0.01833,0.02534,0.02374,0.02059,0.01479,0.02631,0.01486,0.03334,0.03876,0.02614,0.01811,0.01669,0.01949,0.01503,0.01670,0.01173,0.01523,0.01260,0.02782,0.02818,0.01495,0.07501,0.48626
0.02215,0.01565,0.01504,0.01599,0.01169,0.01291,0.01866,0.02124,0.01761,0.01539,0.01587,0.01663,0.01717,0.01469,0.01701,0.01435,0.56827,0.04756,0.01882,0.04264,0.01983,0.02704,0.01377
0.01141,0.02015,0.01603,0.01346,0.01778,0.01732,0.01524,0.01331,0.01996,0.02671,0.02684,0.01680,0.29169,0.02236,0.02387,0.02077,0.02981,0.02432,0.01601,0.26463,0.02008,0.04487,0.02656
0.01013,0.01550,0.01664,0.01646,0.01563,0.01142,0.01172,0.01494,0.01262,0.02044,0.01121,0.01276,0.00985,0.01414,0.69335,0.01284,0.01071,0.01271,0.01505,0.02136,0.01110,0.01160,0.01782
0.01323,0.01370,0.01305,0.02010,0.01564,0.02896,0.00865,0.01244,0.06565,0.01420,0.01633,0.01015,0.01468,0.01027,0.01424,0.01290,0.01131,0.01036,0.01531,0.02700,0.01039,0.01544,0.62599
0.02239,0.01892,0.01831,0.01752,0.01265,0.01619,0.01488,0.02302,0.02740,0.01915,0.02095,0.01817,0.11322,0.01740,0.02180,0.02101,0.03710,0.03032,0.01474,0.02158,0.42290,0.02557,0.04481
0.01615,0.01162,0.65604,0.01278,0.02630,0.01585,0.01538,0.01302,0.02023,0.01144,0.01409,0.00971,0.01537,0.01673,0.01604,0.00980,0.01418,0.01360,0.01534,0.02726,0.01865,0.01601,0.01440
0.02075,0.01952,0.02369,0.02219,0.03393,0.02413,0.15128,0.04130,0.01752,0.01869,0.03257,0.01732,0.01437,0.01809,0.02342,0.01403,0.02762,0.02279,0.02600,0.37033,0.01404,0.02514,0.02127
0.02160,0.02895,0.02944,0.03031,0.02549,0.02853,0.01296,0.01483,0.02775,0.03627,0.37909,0.03006,0.02363,0.02833,0.02378,0.01407,0.02327,0.02183,0.03005,0.02141,0.03014,0.03907,0.07914
0.01809,0.01975,0.02163,0.02185,0.01669,0.02017,0.01783,0.02346,0.44737,0.02897,0.02250,0.02269,0.01861,0.02608,0.02081,0.02568,0.02685,0.01863,0.01811,0.02588,0.02735,0.08847,0.02253
0.00795,0.01417,0.00876,0.01201,0.00953,0.01244,0.00813,0.01054,0.00877,0.00795,0.01729,0.01077,0.77994,0.00771,0.00927,0.00749,0.00912,0.00903,0.00904,0.01204,0.00700,0.01036,0.01070
0.00887,0.00932,0.01330,0.01045,0.01518,0.01094,0.00681,0.01120,0.00940,0.01173,0.77122,0.00999,0.00991,0.00844,0.00706,0.00698,0.00922,0.00764,0.02010,0.01174,0.00713,0.01255,0.01082
0.01726,0.00987,0.01128,0.01285,0.01596,0.01578,0.01341,0.01198,0.01028,0.01799,0.00989,0.01800,0.01317,0.01255,0.01861,0.00861,0.46482,0.01218,0.01126,0.02117,0.01238,0.01239,0.24830
0.03085,0.01513,0.01641,0.02403,0.05558,0.52273,0.02420,0.02315,0.01142,0.01537,0.02110,0.01724,0.01871,0.01803,0.01209,0.01427,0.02119,0.01588,0.01674,0.03963,0.02090,0.01775,0.02760
0.02379,0.01737,0.01297,0.01756,0.01826,0.02543,0.01465,0.01901,0.01489,0.02518,0.02258,0.01589,0.32425,0.02142,0.02071,0.01714,0.03600,0.01588,0.02363,0.01459,0.02812,0.03231,0.23837
0.01245,0.01399,0.01542,0.01708,0.01925,0.01522,0.01310,0.01999,0.01666,0.01751,0.32173,0.32884,0.02574,0.01672,0.01175,0.01185,0.01363,0.01397,0.02259,0.01093,0.01361,0.02312,0.02485
0.02771,0.02176,0.02824,0.02563,0.02180,0.02331,0.24331,0.08371,0.02062,0.02185,0.02052,0.02186,0.02303,0.02179,0.01944,0.01755,0.01701,0.02417,0.03072,0.01534,0.21317,0.03503,0.02244
0.01970,0.01946,0.01980,0.01301,0.60821,0.01912,0.02382,0.01670,0.01373,0.01325,0.02113,0.01838,0.01830,0.01413,0.01197,0.01157,0.01818,0.01368,0.01361,0.03603,0.02095,0.01406,0.02121
0.06330,0.02233,0.03252,0.02240,0.02253,0.01982,0.02095,0.02001,0.02043,0.03919,0.02218,0.01482,0.02560,0.03337,0.02089,0.02343,0.02722,0.04513,0.07034,0.01650,0.28311,0.02825,0.10568
0.02939,0.02216,0.22423,0.03632,0.02523,0.02208,0.02150,0.02497,0.02402,0.01632,0.01494,0.01999,0.02656,0.02588,0.01906,0.02434,0.02391,0.02511,0.03914,0.02470,0.25395,0.02905,0.02716
0.02146,0.02497,0.01775,0.01899,0.02402,0.02403,0.02421,0.01678,0.02214,0.03253,0.02242,0.01881,0.10182,0.40111,0.01775,0.02036,0.02414,0.02357,0.01893,0.03387,0.01929,0.02428,0.04676
0.00798,0.00959,0.01091,0.01405,0.01024,0.00964,0.00952,0.01036,0.00688,0.01199,0.01798,0.00945,0.76336,0.01654,0.00874,0.00768,0.01157,0.01133,0.01336,0.00896,0.00816,0.01065,0.01105
0.02700,0.01339,0.24766,0.01317,0.03373,0.02297,0.02323,0.01430,0.01449,0.02324,0.01760,0.02020,0.03077,0.02565,0.02227,0.01928,0.02103,0.01918,0.03237,0.02891,0.02216,0.02556,0.28182
0.00966,0.01587,0.01273,0.01161,0.01560,0.02891,0.01267,0.01133,0.01034,0.01547,0.01814,0.01140,0.53778,0.01197,0.01519,0.01214,0.01592,0.01146,0.01253,0.01294,0.01464,0.01917,0.16254
0.02420,0.01898,0.01962,0.01833,0.02017,0.03120,0.01395,0.02299,0.01672,0.03023,0.08202,0.02944,0.04096,0.01464,0.01639,0.02265,0.02287,0.02417,0.02647,0.02137,0.01561,0.30130,0.16574
0.01416,0.01417,0.01418,0.01929,0.66834,0.01921,0.01396,0.01568,0.01258,0.01298,0.01749,0.01368,0.01295,0.01264,0.00968,0.01191,0.01608,0.01255,0.01727,0.01784,0.01054,0.01787,0.02495
0.01612,0.01194,0.01218,0.01727,0.01269,0.01512,0.01266,0.00910,0.68805,0.01149,0.01376,0.01571,0.01414,0.01483,0.01374,0.01438,0.01536,0.01353,0.01295,0.00958,0.02359,0.01417,0.01764
0.01391,0.01518,0.00972,0.01135,0.01194,0.01190,0.00707,0.00816,0.01115,0.01299,0.01040,0.00974,0.01453,0.00750,0.00915,0.01215,0.01953,0.02144,0.01011,0.01566,0.73226,0.01499,0.00915
0.02192,0.01505,0.01171,0.01474,0.55480,0.02706,0.03682,0.01933,0.01926,0.01166,0.01646,0.02234,0.01558,0.02328,0.01480,0.01151,0.01583,0.01425,0.01439,0.01641,0.04903,0.02031,0.03346
0.01221,0.01773,0.01874,0.01904,0.01632,0.01739,0.01357,0.01333,0.01864,0.01757,0.01754,0.01777,0.01736,0.01755,0.13775,0.03739,0.01761,0.01559,0.01960,0.02512,0.02661,0.46780,0.01778
0.00852,0.00888,0.00664,0.00832,0.00753,0.00887,0.00602,0.00791,0.00536,0.01322,0.00748,0.00801,0.00805,0.00753,0.00707,0.00681,0.81720,0.00612,0.00835,0.01397,0.00922,0.00884,0.01006
0.02203,0.01510,0.01508,0.01722,0.01173,0.01972,0.01459,0.01376,0.01093,0.01445,0.01350,0.02044,0.01749,0.01559,0.01298,0.01180,0.57358,0.01890,0.01387,0.01343,0.01540,0.09159,0.02683
0.01581,0.01826,0.00999,0.01342,0.01333,0.02000,0.01175,0.01695,0.01542,0.01763,0.02299,0.01443,0.63972,0.01342,0.01796,0.01310,0.01505,0.00941,0.01301,0.01458,0.01467,0.01696,0.04215
0.01546,0.01344,0.02870,0.01538,0.01643,0.01528,0.01298,0.02007,0.01210,0.01265,0.01620,0.01252,0.01266,0.01571,0.61243,0.02014,0.01430,0.01259,0.01676,0.02355,0.01279,0.04768,0.02018
0.02449,0.01501,0.02688,0.01921,0.58814,0.02041,0.01914,0.02005,0.01569,0.01503,0.02287,0.01508,0.02378,0.01337,0.01285,0.01492,0.01584,0.01463,0.01474,0.01224,0.01554,0.03923,0.02088
0.02412,0.02237,0.01454,0.02001,0.02032,0.02128,0.20118,0.01904,0.01985,0.02009,0.01713,0.03115,0.03121,0.02148,0.01868,0.01745,0.01739,0.01994,0.03362,0.01926,0.03009,0.26052,0.09928
0.01131,0.01460,0.00903,0.01000,0.00941,0.01376,0.01519,0.00697,0.01897,0.01093,0.00859,0.01167,0.01721,0.01207,0.00855,0.01142,0.02131,0.01681,0.01008,0.01542,0.71811,0.01288,0.01571
0.02106,0.01352,0.01355,0.01969,0.03684,0.02039,0.01647,0.01880,0.02034,0.02318,0.47640,0.07484,0.01662,0.01557,0.01553,0.01573,0.01226,0.01378,0.03585,0.03827,0.01784,0.01825,0.04523
0.01057,0.02422,0.02716,0.01501,0.14255,0.01952,0.02379,0.01225,0.02220,0.01588,0.02449,0.01952,0.01865,0.01488,0.01565,0.01592,0.01909,0.01558,0.02077,0.04560,0.02589,0.42850,0.02230
0.01204,0.00881,0.01750,0.01372,0.01336,0.01056,0.01731,0.00953,0.73601,0.01062,0.01613,0.01657,0.01265,0.00863,0.00883,0.01082,0.01304,0.01107,0.00945,0.01034,0.01166,0.01166,0.00969
0.01304,0.01479,0.01297,0.01989,0.01965,0.01837,0.01705,0.01690,0.01225,0.01308,0.02719,0.01215,0.64386,0.01349,0.01509,0.00904,0.01606,0.01243,0.01505,0.02416,0.01154,0.01302,0.02894
0.01746,0.02113,0.02423,0.02194,0.02405,0.02898,0.17425,0.01543,0.02812,0.01770,0.02219,0.02019,0.03069,0.02480,0.01773,0.01671,0.01895,0.02207,0.02179,0.01257,0.01846,0.36520,0.03536
0.01579,0.01438,0.01524,0.00982,0.00917,0.01359,0.01365,0.01025,0.06107,0.01391,0.01581,0.01308,0.01305,0.01248,0.01628,0.01750,0.01517,0.01264,0.01690,0.01476,0.64616,0.01770,0.01162
0.01798,0.01729,0.00991,0.02160,0.02994,0.02201,0.54429,0.01171,0.01549,0.02896,0.01609,0.02901,0.01135,0.01624,0.02020,0.01069,0.01687,0.01294,0.01508,0.01815,0.01487,0.00964,0.08970
0.02083,0.02091,0.01352,0.02025,0.01564,0.01934,0.01548,0.01562,0.01688,0.01371,0.01498,0.01982,0.18877,0.01405,0.01422,0.02137,0.01344,0.01996,0.01465,0.01380,0.01411,0.10787,0.37080
0.02734,0.02653,0.02783,0.02151,0.04385,0.02628,0.02714,0.02081,0.02591,0.01753,0.03559,0.02748,0.04199,0.01807,0.02888,0.01721,0.02832,0.04372,0.02611,0.18088,0.04965,0.12944,0.10792
0.02155,0.01442,0.01608,0.02047,0.02003,0.01765,0.01668,0.01746,0.01032,0.02268,0.01960,0.01599,0.01947,0.01404,0.01955,0.01302,0.48157,0.06789,0.03401,0.05655,0.01258,0.02235,0.04601
0.02447,0.03641,0.02493,0.03085,0.22147,0.07171,0.03015,0.01944,0.02531,0.02079,0.02693,0.02077,0.04351,0.01763,0.01523,0.01693,0.01943,0.01918,0.02392,0.02391,0.01381,0.03664,0.21658
0.02520,0.01988,0.01612,0.02380,0.02030,0.01862,0.03284,0.02133,0.01787,0.02844,0.01646,0.01655,0.02894,0.01949,0.01963,0.02680,0.29874,0.15124,0.02184,0.06439,0.01547,0.02195,0.07408
0.00924,0.01746,0.01025,0.01372,0.01077,0.01827,0.01163,0.01291,0.01158,0.01165,0.01437,0.01126,0.69191,0.01273,0.01418,0.01571,0.01454,0.01113,0.01158,0.01114,0.01000,0.03710,0.01686
0.02449,0.01316,0.01299,0.01782,0.01883,0.02251,0.38120,0.02772,0.01874,0.02353,0.01429,0.01673,0.02033,0.01929,0.01071,0.01085,0.01795,0.02124,0.01940,0.01577,0.01997,0.22798,0.02451
0.01744,0.01637,0.01526,0.01255,0.01519,0.01856,0.01190,0.01297,0.01947,0.02021,0.01904,0.01934,0.16044,0.01249,0.02104,0.01473,0.02558,0.01823,0.01331,0.01250,0.01851,0.12647,0.37839
0.02178,0.02143,0.01756,0.02008,0.01861,0.02151,0.01676,0.01285,0.32287,0.01563,0.01913,0.02229,0.01780,0.01641,0.01346,0.01313,0.02638,0.01224,0.01636,0.02317,0.01639,0.01829,0.29587
0.02201,0.01852,0.03101,0.01700,0.01980,0.02244,0.01502,0.01618,0.02195,0.02497,0.01913,0.01659,0.03255,0.01951,0.02897,0.01847,0.03952,0.01909,0.01507,0.02171,0.03250,0.06261,0.46538
0.00953,0.01703,0.00927,0.01420,0.00910,0.01061,0.00928,0.01063,0.00892,0.01369,0.01286,0.00987,0.01519,0.00763,0.00913,0.00906,0.75455,0.00989,0.01232,0.01106,0.00856,0.01212,0.01551
0.02282,0.01235,0.01121,0.01403,0.02358,0.01743,0.62882,0.02009,0.01063,0.01253,0.01866,0.02650,0.01288,0.01550,0.01241,0.01478,0.01261,0.01870,0.02350,0.01867,0.02090,0.01358,0.01781
0.02615,0.01945,0.04256,0.01507,0.02035,0.01729,0.02544,0.01902,0.28019,0.02409,0.02192,0.02039,0.01357,0.02317,0.02240,0.02567,0.02655,0.01891,0.02767,0.14965,0.08919,0.05255,0.01873
0.01696,0.02409,0.02516,0.01615,0.02688,0.03398,0.02184,0.02951,0.01890,0.02231,0.02408,0.02861,0.27966,0.02159,0.03812,0.02715,0.02732,0.01952,0.02008,0.05065,0.02594,0.13647,0.06503
0.03520,0.03382,0.02251,0.02466,0.01667,0.02813,0.02054,0.02543,0.03525,0.03355,0.02411,0.02123,0.27685,0.03157,0.02486,0.02485,0.04871,0.02109,0.02194,0.03610,0.11403,0.03156,0.04737
0.02140,0.01551,0.02074,0.01123,0.56623,0.01967,0.01371,0.01589,0.01584,0.01484,0.02735,0.01048,0.02554,0.01481,0.01287,0.01166,0.01578,0.01584,0.01539,0.01638,0.01354,0.08938,0.01594
0.02237,0.01625,0.02017,0.02338,0.01875,0.01478,0.02407,0.01958,0.48684,0.01964,0.01673,0.01844,0.02010,0.01968,0.02280,0.01952,0.02659,0.02249,0.02157,0.06593,0.01767,0.01425,0.04836
0.01765,0.03340,0.01779,0.01712,0.02220,0.01702,0.02803,0.01430,0.02172,0.02173,0.02138,0.01687,0.01913,0.02239,0.01346,0.02143,0.02426,0.01883,0.02038,0.02251,0.36923,0.02059,0.19858
0.00992,0.01090,0.01043,0.01389,0.65444,0.06307,0.01028,0.01264,0.00932,0.03200,0.01094,0.01354,0.01433,0.00942,0.01097,0.00954,0.01956,0.01084,0.01168,0.01213,0.01006,0.01626,0.02383
0.01843,0.03378,0.01569,0.01630,0.01878,0.02082,0.03297,0.02016,0.44314,0.01638,0.02139,0.02254,0.02674,0.01856,0.01561,0.01668,0.02590,0.01449,0.01488,0.02755,0.04398,0.03469,0.08054
0.02335,0.02219,0.01635,0.02706,0.02068,0.02433,0.02069,0.01460,0.01804,0.02088,0.02028,0.02525,0.39304,0.02317,0.02169,0.01717,0.02587,0.01360,0.02264,0.01591,0.02632,0.12325,0.06363
0.01001,0.00804,0.01432,0.00898,0.01513,0.01025,0.00736,0.01363,0.00987,0.01162,0.75753,0.01240,0.01159,0.00790,0.00883,0.00629,0.01012,0.00784,0.01949,0.01322,0.00730,0.01856,0.00971
0.01106,0.00994,0.01352,0.01054,0.01352,0.01013,0.01015,0.00859,0.75567,0.01007,0.01089,0.01799,0.00979,0.00920,0.01042,0.00927,0.01309,0.01039,0.01006,0.01110,0.01315,0.01259,0.00888
0.01131,0.01153,0.71307,0.01120,0.01612,0.01676,0.01345,0.01359,0.01380,0.00937,0.01723,0.00916,0.01372,0.01223,0.01342,0.01288,0.01023,0.01450,0.01576,0.01220,0.01485,0.01075,0.01286
0.03113,0.02483,0.02247,0.02402,0.01434,0.02144,0.01627,0.01894,0.02955,0.03830,0.01956,0.02249,0.03064,0.02397,0.06228,0.03612,0.02262,0.02285,0.02117,0.01806,0.35089,0.10992,0.01814
0.01957,0.01826,0.01132,0.02459,0.02590,0.02550,0.53569,0.01508,0.01058,0.01469,0.01295,0.02004,0.01429,0.01482,0.01339,0.01474,0.01536,0.01483,0.01575,0.01316,0.01823,0.01315,0.11812
0.02164,0.02142,0.02710,0.03198,0.02653,0.02100,0.03060,0.02315,0.23533,0.15752,0.02450,0.02465,0.02556,0.03014,0.03044,0.02325,0.03440,0.02381,0.02888,0.04104,0.02760,0.05522,0.03424
0.01668,0.02183,0.01919,0.01723,0.01540,0.02382,0.01652,0.02075,0.57010,0.02207,0.01860,0.02022,0.01256,0.01907,0.01493,0.01506,0.01720,0.01161,0.01786,0.01183,0.02388,0.05709,0.01648
0.02030,0.02200,0.02369,0.01978,0.01439,0.03035,0.17367,0.01914,0.02986,0.02273,0.01667,0.01578,0.01949,0.02005,0.01353,0.01495,0.02512,0.01300,0.01772,0.01080,0.38041,0.02096,0.05563
0.01958,0.01260,0.01789,0.01341,0.02809,0.01552,0.01391,0.02125,0.02417,0.02103,0.46843,0.03703,0.02241,0.01410,0.01799,0.01383,0.01211,0.01448,0.05271,0.03198,0.01470,0.09867,0.01408
0.01461,0.01566,0.02276,0.01653,0.02478,0.02410,0.02541,0.01545,0.01312,0.01988,0.01904,0.01954,0.01396,0.01830,0.56380,0.01806,0.01459,0.01555,0.02273,0.03595,0.01854,0.02832,0.01931
0.01572,0.00954,0.01025,0.01281,0.01068,0.00852,0.00874,0.00907,0.00846,0.01405,0.00798,0.01454,0.01031,0.00767,0.00871,0.00806,0.75098,0.00797,0.01452,0.01147,0.00724,0.01273,0.02998
0.02852,0.02418,0.03326,0.02493,0.02245,0.02617,0.09070,0.02512,0.02501,0.02276,0.03320,0.03177,0.02886,0.03161,0.02208,0.02431,0.02263,0.02260,0.11898,0.02072,0.24466,0.05470,0.02079
0.00854,0.01482,0.01153,0.01707,0.01323,0.01475,0.01021,0.01214,0.01309,0.01223,0.01453,0.01227,0.70255,0.01355,0.01647,0.01407,0.01213,0.01381,0.01213,0.01140,0.01543,0.01663,0.01740
0.04928,0.02475,0.01678,0.02894,0.02465,0.03204,0.36172,0.05779,0.02218,0.02326,0.02111,0.02516,0.02607,0.02029,0.01823,0.01853,0.02436,0.01698,0.02424,0.01869,0.07561,0.02386,0.04547
0.02133,0.02570,0.02404,0.01781,0.02464,0.02085,0.01990,0.01415,0.40791,0.01578,0.03694,0.02353,0.01913,0.01673,0.01573,0.01438,0.02621,0.01458,0.02012,0.02703,0.01429,0.12054,0.05869
0.01162,0.01626,0.02158,0.02835,0.01475,0.02234,0.01468,0.02022,0.01985,0.01608,0.02615,0.01466,0.56093,0.01415,0.03111,0.01619,0.01715,0.01842,0.01932,0.02652,0.01314,0.02068,0.03585
