0.02387,0.01680,0.38083,0.00781,0.02128,0.00537,0.05281,0.01790,0.00413,0.02614,0.02466,0.01012,0.03598,0.00074,0.00549,0.35541,0.00217,0.00073,0.00402,0.00199,0.00094,0.00082
0.78902,0.00376,0.16693,0.00201,0.00139,0.00398,0.00210,0.00729,0.00949,0.00401,0.00177,0.00030,0.00076,0.00097,0.00083,0.00083,0.00051,0.00074,0.00036,0.00207,0.00077,0.00011
0.23802,0.01351,0.05594,0.00716,0.01511,0.19505,0.03889,0.17374,0.07021,0.00014,0.07229,0.00483,0.02091,0.01147,0.00526,0.01510,0.01899,0.00188,0.01011,0.00065,0.02352,0.00721
0.09025,0.28462,0.01169,0.10909,0.29278,0.03791,0.01931,0.00044,0.00166,0.00762,0.00642,0.01557,0.00496,0.00259,0.08765,0.00750,0.00628,0.01053,0.00060,0.00080,0.00072,0.00101
0.02237,0.37799,0.02281,0.03213,0.36250,0.02065,0.04157,0.02232,0.01672,0.00328,0.01136,0.00604,0.00539,0.04555,0.00139,0.00219,0.00292,0.00049,0.00019,0.00054,0.00126,0.00035
0.11649,0.00888,0.04442,0.01379,0.01687,0.02214,0.32645,0.01622,0.02395,0.01044,0.02874,0.02013,0.29630,0.00288,0.01736,0.01677,0.00258,0.00218,0.00192,0.00504,0.00406,0.00240
0.20215,0.03726,0.00463,0.00922,0.03241,0.05174,0.09657,0.13478,0.10828,0.01969,0.11930,0.01644,0.01697,0.00582,0.00817,0.00543,0.10544,0.00348,0.00639,0.01288,0.00050,0.00243
0.11847,0.24825,0.00401,0.01093,0.00178,0.00312,0.00419,0.01630,0.00379,0.01898,0.02684,0.21756,0.00950,0.00732,0.01107,0.03464,0.05496,0.00353,0.09874,0.09750,0.00352,0.00502
0.07598,0.24366,0.01948,0.01130,0.25594,0.04542,0.00480,0.02742,0.12947,0.01336,0.10499,0.00782,0.00884,0.00536,0.01951,0.00461,0.00556,0.00586,0.00568,0.00086,0.00284,0.00124
0.06123,0.01324,0.04094,0.02136,0.00389,0.00920,0.00853,0.01657,0.00396,0.01322,0.00883,0.01250,0.00316,0.00938,0.00181,0.01979,0.00111,0.00472,0.37675,0.35551,0.00677,0.00754
0.02190,0.02693,0.00100,0.03146,0.00596,0.00484,0.01444,0.01086,0.39031,0.00622,0.02535,0.00672,0.01776,0.38855,0.00729,0.00416,0.00950,0.00261,0.00796,0.00419,0.00419,0.00780
0.04287,0.26919,0.00760,0.02479,0.03699,0.02821,0.02127,0.01375,0.09473,0.00135,0.09926,0.22369,0.02302,0.01058,0.01080,0.02218,0.01385,0.00511,0.00690,0.02341,0.01653,0.00394
0.18484,0.00630,0.02866,0.01385,0.00888,0.00913,0.00882,0.00410,0.02252,0.01799,0.31298,0.02367,0.00820,0.00357,0.02321,0.03051,0.00419,0.27584,0.00478,0.00032,0.00576,0.00189
0.07931,0.40096,0.00785,0.00462,0.00735,0.02814,0.02855,0.00695,0.01320,0.01011,0.00960,0.37120,0.00854,0.00818,0.00172,0.00202,0.00291,0.00426,0.00050,0.00126,0.00101,0.00176
0.09014,0.01414,0.02183,0.00682,0.00531,0.00747,0.38248,0.00910,0.02305,0.02012,0.03459,0.00271,0.35707,0.00925,0.00182,0.00157,0.00302,0.00280,0.00100,0.00215,0.00174,0.00181
0.03806,0.36121,0.00584,0.01082,0.00428,0.00590,0.04441,0.03069,0.02152,0.02064,0.01540,0.34892,0.03266,0.01301,0.00802,0.00297,0.01918,0.00624,0.00381,0.00321,0.00167,0.00154
0.03361,0.19722,0.01919,0.00675,0.13678,0.00336,0.12593,0.02056,0.03889,0.08618,0.03407,0.10108,0.10941,0.00316,0.03399,0.01264,0.01852,0.00286,0.00536,0.00450,0.00520,0.00072
0.05435,0.00243,0.00379,0.01039,0.01116,0.12044,0.23359,0.13545,0.05123,0.02291,0.01095,0.00041,0.23969,0.04877,0.00201,0.00141,0.01094,0.00247,0.00579,0.00578,0.01493,0.01110
0.05653,0.01209,0.07089,0.00352,0.01919,0.00869,0.00425,0.03726,0.00072,0.37140,0.00273,0.37362,0.00613,0.00207,0.00581,0.00608,0.00650,0.00389,0.00250,0.00383,0.00070,0.00160
0.03161,0.01423,0.02452,0.00063,0.00294,0.00230,0.03039,0.01984,0.00594,0.40450,0.00446,0.41878,0.01480,0.00353,0.00319,0.00577,0.00298,0.00036,0.00290,0.00142,0.00195,0.00296
0.09784,0.00993,0.00804,0.01840,0.22220,0.19827,0.00794,0.05877,0.13471,0.00220,0.16459,0.00484,0.00355,0.00757,0.01603,0.00357,0.01909,0.01144,0.00360,0.00049,0.00305,0.00386
0.05971,0.13563,0.01676,0.27840,0.12574,0.00357,0.01463,0.00813,0.00095,0.00307,0.01175,0.04618,0.00464,0.00791,0.23157,0.01380,0.01474,0.01180,0.00092,0.00576,0.00115,0.00317
0.14077,0.02256,0.02590,0.03322,0.00453,0.00683,0.03367,0.00242,0.00305,0.01429,0.33254,0.00636,0.01816,0.00252,0.05794,0.00602,0.00634,0.25383,0.02348,0.00331,0.00110,0.00115
0.70495,0.00407,0.00524,0.00706,0.00577,0.00335,0.03804,0.00332,0.05478,0.00070,0.07294,0.00903,0.07150,0.00637,0.00343,0.00148,0.00243,0.00044,0.00088,0.00276,0.00130,0.00014
0.04727,0.42880,0.01415,0.00500,0.00570,0.01465,0.01156,0.01047,0.00963,0.00062,0.00507,0.41439,0.00494,0.00696,0.00521,0.00280,0.00177,0.00512,0.00409,0.00100,0.00054,0.00028
0.07116,0.40133,0.03591,0.00485,0.37255,0.00381,0.00129,0.00813,0.01494,0.00938,0.00214,0.00480,0.01049,0.00879,0.00886,0.01209,0.01821,0.00067,0.00224,0.00395,0.00280,0.00162
0.08905,0.19900,0.17542,0.03188,0.14574,0.03548,0.02990,0.01650,0.00564,0.06248,0.00568,0.01117,0.01477,0.00943,0.02564,0.12031,0.00845,0.00227,0.00962,0.00048,0.00019,0.00089
0.12728,0.02437,0.00346,0.00234,0.04361,0.05255,0.01260,0.37111,0.00422,0.00404,0.00221,0.00741,0.00550,0.00316,0.01052,0.00562,0.30779,0.00304,0.00400,0.00378,0.00069,0.00072
0.08332,0.01491,0.00169,0.02810,0.06453,0.08276,0.01173,0.03939,0.02599,0.24476,0.00715,0.22597,0.00929,0.03122,0.05344,0.03031,0.02382,0.00076,0.00695,0.00092,0.01259,0.00042
0.16666,0.17121,0.01378,0.02235,0.22635,0.00576,0.01703,0.04144,0.00700,0.02714,0.00504,0.00890,0.01340,0.00358,0.07030,0.00244,0.02720,0.11734,0.03265,0.00567,0.00003,0.01472
0.13059,0.01585,0.01461,0.02815,0.00675,0.00701,0.05814,0.01261,0.30141,0.00480,0.32593,0.00642,0.04037,0.00333,0.03130,0.00248,0.00257,0.00191,0.00278,0.00167,0.00030,0.00103
0.13717,0.03023,0.38365,0.03951,0.02254,0.00243,0.00831,0.00340,0.00911,0.00102,0.01152,0.00488,0.01214,0.01951,0.01090,0.28179,0.00128,0.01286,0.00318,0.00041,0.00215,0.00199
0.07561,0.01869,0.02140,0.00707,0.37398,0.34884,0.00804,0.00467,0.01033,0.00825,0.01106,0.00675,0.01627,0.02636,0.00354,0.02765,0.00035,0.00313,0.00754,0.00711,0.00856,0.00479
0.67011,0.00414,0.00249,0.00162,0.00521,0.00436,0.00163,0.00220,0.00151,0.00373,0.00739,0.00262,0.00134,0.00058,0.00271,0.07499,0.19162,0.01978,0.00039,0.00002,0.00114,0.00040
0.05301,0.00666,0.01972,0.01508,0.00860,0.00624,0.00949,0.01193,0.01942,0.00527,0.00445,0.00905,0.01085,0.02278,0.00437,0.00726,0.00626,0.00927,0.35999,0.39660,0.00724,0.00645
0.15577,0.00720,0.06248,0.00810,0.00420,0.00490,0.33856,0.01363,0.00692,0.00411,0.02008,0.00187,0.30137,0.00099,0.00768,0.00944,0.00900,0.02045,0.01178,0.00395,0.00725,0.00028
0.29012,0.04752,0.32647,0.00426,0.02508,0.01058,0.00361,0.03900,0.00110,0.02439,0.00589,0.00944,0.01011,0.00561,0.01614,0.09589,0.03569,0.00808,0.00058,0.00528,0.02249,0.01266
0.14545,0.00638,0.03183,0.01436,0.00746,0.00987,0.04082,0.01235,0.04389,0.02026,0.31867,0.00871,0.01970,0.00733,0.00739,0.00073,0.01879,0.25458,0.01160,0.00462,0.01211,0.00310
0.04395,0.01110,0.03261,0.42340,0.01451,0.01016,0.01025,0.00768,0.00890,0.00844,0.00402,0.00903,0.00365,0.39775,0.00326,0.00235,0.00455,0.00026,0.00349,0.00041,0.00010,0.00012
0.01442,0.00764,0.40798,0.04178,0.01128,0.00159,0.00536,0.01102,0.04115,0.01044,0.02128,0.00526,0.00201,0.01860,0.00670,0.37360,0.00432,0.01000,0.00066,0.00224,0.00108,0.00160
0.75424,0.00168,0.00202,0.00207,0.00292,0.00344,0.06061,0.00514,0.00048,0.00260,0.00207,0.00134,0.14833,0.00074,0.00230,0.00305,0.00174,0.00241,0.00211,0.00031,0.00017,0.00025
0.07539,0.01303,0.00157,0.00765,0.00373,0.02347,0.41628,0.03282,0.02402,0.00172,0.00628,0.00429,0.37082,0.00689,0.00354,0.00178,0.00193,0.00099,0.00058,0.00221,0.00050,0.00050
0.04222,0.02178,0.02848,0.00136,0.01755,0.00591,0.00490,0.04503,0.00692,0.39616,0.00874,0.36965,0.00202,0.00132,0.03350,0.00861,0.00055,0.00208,0.00145,0.00090,0.00003,0.00084
0.13720,0.00122,0.02502,0.00917,0.01061,0.00180,0.04289,0.34064,0.00500,0.03985,0.02269,0.00445,0.00947,0.00892,0.00447,0.00282,0.32578,0.00116,0.00078,0.00418,0.00018,0.00169
0.04632,0.02949,0.01556,0.00684,0.02144,0.00941,0.00295,0.00857,0.21711,0.19461,0.00496,0.19560,0.02602,0.19657,0.00616,0.00828,0.00570,0.00262,0.00029,0.00018,0.00105,0.00027
0.06915,0.01001,0.01540,0.01259,0.00420,0.01196,0.00490,0.02802,0.00783,0.39704,0.01317,0.38694,0.00372,0.00741,0.00213,0.00186,0.00361,0.01013,0.00243,0.00322,0.00093,0.00333
0.03670,0.02532,0.02235,0.01288,0.00673,0.01444,0.02928,0.01158,0.00566,0.00830,0.38683,0.00517,0.00324,0.00703,0.00937,0.00309,0.01377,0.38057,0.00497,0.00093,0.00427,0.00751
0.09144,0.06622,0.02362,0.29330,0.00354,0.00485,0.03215,0.01210,0.01387,0.00642,0.01462,0.06093,0.01443,0.30053,0.00752,0.00280,0.00909,0.00566,0.00208,0.00091,0.00572,0.02822
0.12048,0.00432,0.04442,0.03148,0.00291,0.00154,0.34052,0.00624,0.03736,0.00662,0.00740,0.00413,0.35733,0.01167,0.00589,0.00505,0.00314,0.00336,0.00014,0.00059,0.00381,0.00161
0.03420,0.00519,0.01327,0.01229,0.01514,0.01783,0.02097,0.01082,0.40319,0.00371,0.42655,0.00052,0.00418,0.00402,0.01196,0.00510,0.00674,0.00052,0.00086,0.00192,0.00054,0.00047
0.13581,0.00254,0.00575,0.00439,0.00712,0.40257,0.01711,0.35781,0.00227,0.00646,0.00423,0.00549,0.01216,0.00884,0.00210,0.00927,0.01175,0.00073,0.00144,0.00015,0.00151,0.00050
0.36941,0.00243,0.01366,0.00577,0.02991,0.00847,0.00109,0.00218,0.01539,0.00121,0.00153,0.00100,0.00099,0.00026,0.10328,0.00013,0.00656,0.42948,0.00304,0.00004,0.00189,0.00228
0.06556,0.00295,0.09955,0.34825,0.00361,0.00751,0.02440,0.00836,0.00929,0.01686,0.00395,0.01467,0.01202,0.00281,0.29517,0.07319,0.00124,0.00225,0.00120,0.00142,0.00321,0.00252
0.04383,0.08054,0.35670,0.01063,0.03057,0.00446,0.00555,0.00717,0.00808,0.00411,0.00683,0.05449,0.00561,0.00670,0.01089,0.34979,0.00319,0.00551,0.00200,0.00091,0.00181,0.00063
0.09595,0.18977,0.03188,0.00332,0.02665,0.02539,0.03193,0.15522,0.00833,0.00402,0.00732,0.17390,0.00614,0.00816,0.01131,0.05309,0.13223,0.00207,0.01597,0.00196,0.00355,0.01186
0.12390,0.01408,0.02838,0.00465,0.01472,0.31823,0.01253,0.35964,0.01628,0.01491,0.02222,0.00212,0.01225,0.01183,0.00683,0.00309,0.00705,0.00748,0.00868,0.00502,0.00121,0.00490
0.03946,0.38597,0.00546,0.00879,0.05099,0.05312,0.02650,0.01621,0.00792,0.01590,0.00643,0.33989,0.02565,0.00077,0.00347,0.00128,0.00299,0.00612,0.00100,0.00088,0.00084,0.00034
0.03779,0.02718,0.01258,0.00835,0.00766,0.03657,0.01729,0.35216,0.02972,0.00383,0.04390,0.00168,0.03033,0.00683,0.00634,0.01810,0.31453,0.00600,0.00035,0.03770,0.00107,0.00005
0.02784,0.00348,0.01323,0.00291,0.00408,0.00600,0.00593,0.00453,0.00536,0.44624,0.00451,0.00216,0.00477,0.01030,0.43176,0.00184,0.00102,0.01813,0.00191,0.00098,0.00098,0.00205
0.69238,0.00271,0.00132,0.00454,0.00434,0.00089,0.01489,0.00083,0.00137,0.00280,0.00673,0.00534,0.00075,0.00377,0.00151,0.08570,0.16010,0.00403,0.00071,0.00161,0.00096,0.00271
0.09060,0.34601,0.00357,0.01544,0.32762,0.00177,0.00284,0.00545,0.05687,0.00531,0.04665,0.00611,0.00270,0.01688,0.03277,0.01426,0.00109,0.00207,0.00295,0.01748,0.00128,0.00030
0.46214,0.00551,0.00736,0.00580,0.00355,0.04903,0.41945,0.00740,0.00530,0.00328,0.00697,0.00798,0.00252,0.00197,0.00372,0.00026,0.00387,0.00102,0.00136,0.00017,0.00009,0.00127
0.24549,0.04234,0.00695,0.00451,0.02114,0.00329,0.03308,0.29123,0.00586,0.00605,0.00486,0.00439,0.02257,0.01065,0.01086,0.00315,0.26889,0.00824,0.00252,0.00134,0.00064,0.00196
0.10389,0.02865,0.03724,0.08322,0.03961,0.06674,0.02767,0.01710,0.00486,0.24006,0.00981,0.21701,0.01808,0.07447,0.00696,0.01140,0.00495,0.00372,0.00130,0.00126,0.00066,0.00135
0.75061,0.00199,0.00762,0.00334,0.00225,0.00220,0.05834,0.00765,0.00161,0.00018,0.00459,0.00131,0.14424,0.00106,0.00169,0.00380,0.00251,0.00083,0.00134,0.00103,0.00128,0.00054
0.18361,0.00613,0.00177,0.01890,0.00477,0.02429,0.15299,0.02242,0.00855,0.18120,0.03163,0.13661,0.14017,0.02443,0.02206,0.00050,0.00168,0.00828,0.00804,0.01570,0.00291,0.00337
0.13300,0.00538,0.01368,0.08645,0.04464,0.01502,0.11008,0.13699,0.01413,0.01906,0.03398,0.01624,0.09583,0.05732,0.02480,0.01471,0.11184,0.06096,0.00087,0.00461,0.00010,0.00035
0.06098,0.04317,0.01502,0.02554,0.02654,0.02901,0.01210,0.09774,0.29448,0.02600,0.28449,0.00085,0.00688,0.01007,0.01067,0.00028,0.04102,0.00296,0.00032,0.00328,0.00296,0.00563
0.05323,0.02112,0.09738,0.01943,0.03390,0.01898,0.02078,0.24812,0.00449,0.03506,0.00951,0.00283,0.03643,0.00452,0.04619,0.08657,0.22232,0.00329,0.00938,0.00311,0.02186,0.00151
0.09954,0.01243,0.01518,0.05606,0.01369,0.00803,0.35887,0.01296,0.00726,0.00064,0.01316,0.00536,0.33511,0.01718,0.00795,0.00998,0.00595,0.00434,0.00731,0.00456,0.00372,0.00072
0.03608,0.02673,0.01113,0.00270,0.02248,0.00211,0.00216,0.00612,0.41292,0.00842,0.40397,0.01753,0.00324,0.00083,0.01422,0.00835,0.00308,0.00852,0.00095,0.00203,0.00040,0.00603
0.02957,0.00792,0.04752,0.01153,0.00314,0.01850,0.01668,0.00512,0.00615,0.00282,0.00924,0.00488,0.01284,0.00722,0.02639,0.39048,0.36274,0.00000,0.02997,0.00342,0.00118,0.00269
0.06772,0.01045,0.01339,0.00423,0.02119,0.00944,0.02030,0.01531,0.27674,0.11852,0.23315,0.13006,0.00742,0.00984,0.02685,0.00557,0.00973,0.00603,0.00218,0.01033,0.00012,0.00143
0.05434,0.30086,0.00423,0.02228,0.00191,0.00451,0.00848,0.01354,0.00474,0.00028,0.11604,0.30189,0.01286,0.01908,0.00367,0.00199,0.00185,0.10038,0.01083,0.00980,0.00350,0.00292
0.15748,0.00696,0.01050,0.01996,0.02346,0.01340,0.00339,0.01335,0.33933,0.00117,0.32391,0.00373,0.03560,0.03138,0.00703,0.00307,0.00149,0.00183,0.00067,0.00102,0.00009,0.00120
0.04899,0.37021,0.00717,0.02675,0.20652,0.02064,0.04698,0.00364,0.02827,0.01543,0.00121,0.10465,0.04928,0.00401,0.01886,0.00300,0.00293,0.00261,0.02207,0.00683,0.00945,0.00050
0.06134,0.01472,0.02810,0.02803,0.00740,0.00986,0.02465,0.29329,0.00635,0.02718,0.05872,0.01940,0.01559,0.02303,0.01871,0.01639,0.29568,0.03907,0.00063,0.00569,0.00327,0.00289
0.04884,0.00544,0.00349,0.02595,0.01165,0.02144,0.00408,0.40106,0.00226,0.02748,0.00501,0.00353,0.03334,0.02171,0.00467,0.00344,0.35524,0.00180,0.00080,0.01486,0.00264,0.00127
0.45610,0.00325,0.00666,0.00626,0.00152,0.03974,0.32319,0.00350,0.00163,0.03360,0.02072,0.00378,0.01175,0.00260,0.02810,0.00116,0.00102,0.04593,0.00743,0.00086,0.00058,0.00063
0.04108,0.03774,0.02311,0.02830,0.01539,0.01490,0.02795,0.35032,0.00303,0.01130,0.00152,0.02143,0.00740,0.01534,0.00324,0.01756,0.35198,0.00197,0.00976,0.00819,0.00237,0.00610
0.08378,0.03106,0.00276,0.00721,0.01513,0.16140,0.18558,0.16064,0.01556,0.02335,0.04794,0.02020,0.18653,0.00374,0.00477,0.00650,0.00673,0.00031,0.00584,0.02094,0.00117,0.00885
0.04408,0.01609,0.00490,0.00453,0.41902,0.37672,0.00758,0.00527,0.01379,0.02680,0.00116,0.01923,0.01416,0.00112,0.01033,0.01616,0.01144,0.00163,0.00322,0.00035,0.00034,0.00207
0.04641,0.04655,0.00486,0.01498,0.04536,0.02226,0.00660,0.35490,0.01055,0.00567,0.03289,0.01867,0.01086,0.00090,0.02264,0.00556,0.32701,0.00403,0.00285,0.00757,0.00177,0.00709
0.01775,0.03409,0.09622,0.00501,0.01416,0.02230,0.00179,0.07515,0.25883,0.01548,0.24319,0.01718,0.01724,0.02341,0.00352,0.04026,0.08085,0.00245,0.00487,0.00721,0.01888,0.00015
0.76840,0.00650,0.15590,0.00602,0.00340,0.00220,0.00152,0.00196,0.01360,0.00214,0.01053,0.00237,0.00031,0.00440,0.00382,0.00877,0.00403,0.00010,0.00112,0.00029,0.00202,0.00060
0.68058,0.01329,0.00587,0.00368,0.00237,0.00192,0.01262,0.00197,0.00369,0.02178,0.00383,0.00915,0.00540,0.00179,0.00534,0.08196,0.14134,0.00118,0.00029,0.00039,0.00106,0.00049
0.02420,0.01034,0.02456,0.01419,0.01219,0.42666,0.00292,0.44367,0.00547,0.01465,0.00046,0.00095,0.00200,0.00197,0.00602,0.00279,0.00360,0.00148,0.00079,0.00021,0.00046,0.00040
0.18831,0.00359,0.00259,0.01476,0.00497,0.02651,0.01199,0.00617,0.34211,0.00523,0.33869,0.00453,0.01545,0.00526,0.00666,0.00811,0.00250,0.00215,0.00151,0.00338,0.00190,0.00364
0.02732,0.00880,0.00373,0.03652,0.01332,0.00324,0.03098,0.26871,0.10075,0.00101,0.10551,0.01109,0.02245,0.00377,0.01996,0.00298,0.26653,0.00995,0.02851,0.03197,0.00231,0.00059
0.06797,0.00593,0.03544,0.02801,0.01518,0.00287,0.02000,0.01264,0.03981,0.01659,0.39233,0.00352,0.00691,0.02544,0.00373,0.00953,0.00345,0.30594,0.00128,0.00047,0.00165,0.00129
0.05490,0.01006,0.01656,0.00576,0.03317,0.01293,0.39701,0.01463,0.01856,0.00066,0.01582,0.00112,0.38394,0.00776,0.00490,0.00046,0.00431,0.00283,0.00111,0.01128,0.00072,0.00148
0.07522,0.24547,0.00235,0.07061,0.26912,0.02531,0.00246,0.01067,0.01160,0.00601,0.01037,0.02693,0.00456,0.06963,0.07546,0.00248,0.00571,0.07903,0.00194,0.00196,0.00285,0.00025
0.02176,0.34401,0.01502,0.01130,0.37906,0.11313,0.02621,0.00607,0.01493,0.00739,0.01009,0.01566,0.00142,0.01043,0.00586,0.00569,0.00417,0.00316,0.00023,0.00095,0.00279,0.00067
0.07651,0.03547,0.23083,0.02720,0.01339,0.11005,0.11460,0.01423,0.00693,0.06012,0.00555,0.03104,0.00790,0.00899,0.01831,0.21998,0.00944,0.00153,0.00358,0.00215,0.00108,0.00111
0.08277,0.00582,0.00786,0.00156,0.01710,0.00863,0.01108,0.02829,0.00602,0.01144,0.39128,0.00382,0.00255,0.00559,0.01278,0.00293,0.00213,0.38648,0.00057,0.00961,0.00109,0.00060
0.04372,0.02651,0.01392,0.03336,0.02333,0.02516,0.00457,0.01095,0.36803,0.00901,0.37798,0.01235,0.01423,0.00461,0.01193,0.00352,0.00152,0.00388,0.00371,0.00107,0.00330,0.00334
0.03172,0.00614,0.46594,0.00425,0.00485,0.00313,0.01594,0.00467,0.00450,0.01133,0.00715,0.01528,0.02166,0.00607,0.00752,0.33999,0.00108,0.00098,0.02665,0.01405,0.00556,0.00156
0.02931,0.00740,0.02058,0.03867,0.42741,0.40768,0.00390,0.00726,0.00173,0.00094,0.00706,0.00244,0.00685,0.00508,0.00629,0.00729,0.00442,0.00466,0.00355,0.00108,0.00246,0.00397
0.47679,0.01299,0.02167,0.00264,0.02415,0.05470,0.36715,0.00225,0.00608,0.00315,0.00318,0.00658,0.00082,0.00113,0.00144,0.00383,0.00439,0.00064,0.00030,0.00047,0.00488,0.00076
0.07946,0.01521,0.04715,0.02171,0.00406,0.00915,0.31944,0.01290,0.00797,0.06394,0.00593,0.05742,0.29508,0.00382,0.00595,0.01667,0.01615,0.00372,0.00732,0.00284,0.00107,0.00304
0.14881,0.01998,0.01429,0.36173,0.02830,0.02795,0.01461,0.02954,0.00470,0.00850,0.00080,0.00230,0.00710,0.30285,0.00442,0.00143,0.00481,0.00671,0.00649,0.00134,0.00075,0.00258
0.83117,0.00289,0.00524,0.00309,0.00101,0.00318,0.06014,0.01033,0.00144,0.00144,0.00317,0.00087,0.06341,0.00172,0.00030,0.00174,0.00056,0.00053,0.00260,0.00096,0.00124,0.00297
0.06902,0.01015,0.25820,0.17825,0.00532,0.01028,0.00689,0.01284,0.01719,0.02728,0.00619,0.00393,0.00736,0.12806,0.03473,0.19341,0.00567,0.00226,0.00626,0.00764,0.00221,0.00686
0.09973,0.03187,0.06287,0.03178,0.02536,0.01559,0.06025,0.19922,0.07309,0.01013,0.07627,0.01107,0.05509,0.00981,0.02063,0.01044,0.17046,0.00159,0.02155,0.00627,0.00304,0.00390
0.03152,0.01171,0.00513,0.02137,0.01005,0.01980,0.02211,0.03840,0.02059,0.00365,0.01251,0.00893,0.01163,0.01507,0.00224,0.00607,0.02288,0.02709,0.35384,0.35075,0.00179,0.00288
0.02231,0.00303,0.00366,0.43993,0.00819,0.01462,0.00320,0.01118,0.00540,0.00483,0.01342,0.00974,0.00224,0.00245,0.42960,0.01417,0.00706,0.00361,0.00054,0.00027,0.00005,0.00051
0.12386,0.00610,0.00470,0.01431,0.02280,0.00801,0.00131,0.00473,0.02080,0.00142,0.03211,0.00768,0.01001,0.00807,0.00601,0.38112,0.30156,0.03348,0.00792,0.00161,0.00111,0.00129
0.11607,0.41316,0.02384,0.00240,0.00212,0.00420,0.00442,0.02561,0.00962,0.00641,0.00423,0.37561,0.00302,0.00059,0.00076,0.00213,0.00274,0.00098,0.00022,0.00068,0.00013,0.00104
0.04097,0.01986,0.13326,0.03272,0.02753,0.02435,0.00831,0.05373,0.02027,0.15576,0.00477,0.14374,0.00655,0.02542,0.00152,0.07958,0.00695,0.00421,0.09666,0.10318,0.00485,0.00581
0.12290,0.01470,0.00666,0.35318,0.00549,0.00707,0.02439,0.01382,0.02356,0.00341,0.00167,0.01685,0.03582,0.30846,0.00172,0.00889,0.02750,0.00379,0.00031,0.00408,0.01485,0.00088
0.06724,0.03038,0.36401,0.00339,0.00789,0.03861,0.02803,0.01412,0.02475,0.00690,0.01185,0.01614,0.00601,0.01626,0.00064,0.33853,0.01266,0.00556,0.00136,0.00189,0.00266,0.00112
0.07689,0.16011,0.18480,0.00937,0.01166,0.01693,0.07052,0.01886,0.01761,0.02585,0.01415,0.16529,0.02722,0.00492,0.00965,0.16436,0.00343,0.00197,0.00064,0.00840,0.00289,0.00448
0.15706,0.31646,0.03320,0.01911,0.32973,0.01093,0.01504,0.02524,0.00307,0.00696,0.00122,0.01251,0.02556,0.00499,0.00362,0.00523,0.01605,0.00157,0.00045,0.00170,0.00044,0.00988
0.08790,0.03257,0.01020,0.00647,0.02000,0.01319,0.01932,0.01534,0.28093,0.06063,0.30285,0.08055,0.01915,0.00795,0.01347,0.00734,0.00623,0.00109,0.00742,0.00306,0.00147,0.00286
0.60801,0.00312,0.20349,0.01648,0.00113,0.01372,0.00179,0.04070,0.00845,0.00180,0.00679,0.01007,0.00485,0.00500,0.00972,0.02986,0.01949,0.00308,0.00115,0.00221,0.00188,0.00721
0.15023,0.02259,0.05428,0.01999,0.01487,0.00765,0.31942,0.01818,0.01156,0.00140,0.00616,0.00794,0.30636,0.01380,0.01863,0.00314,0.00378,0.00735,0.00618,0.00160,0.00386,0.00102
0.03801,0.03702,0.01913,0.00885,0.04586,0.01184,0.00343,0.01630,0.00741,0.38661,0.00685,0.01042,0.00694,0.00274,0.38274,0.00601,0.00381,0.00034,0.00293,0.00043,0.00057,0.00177
0.04419,0.01576,0.01027,0.06077,0.01092,0.01897,0.00730,0.37249,0.00634,0.01155,0.00631,0.01473,0.00618,0.01702,0.02430,0.00931,0.34737,0.00268,0.00177,0.00762,0.00244,0.00170
0.01289,0.41988,0.00334,0.00821,0.05003,0.03711,0.00328,0.01396,0.00122,0.00729,0.00328,0.41775,0.00229,0.00092,0.00431,0.00032,0.00293,0.00087,0.00421,0.00421,0.00167,0.00002
0.42881,0.00595,0.01209,0.00530,0.00094,0.05745,0.41973,0.00536,0.00836,0.00693,0.01529,0.00299,0.00315,0.00122,0.00829,0.00046,0.01242,0.00182,0.00132,0.00126,0.00068,0.00019
0.09592,0.01792,0.00567,0.07612,0.00903,0.01301,0.10073,0.01336,0.04179,0.00396,0.26054,0.00265,0.10219,0.04438,0.00787,0.00508,0.00312,0.18678,0.00186,0.00297,0.00270,0.00234
0.05109,0.01686,0.00397,0.01284,0.00188,0.00287,0.00762,0.00806,0.34323,0.00290,0.21030,0.01113,0.00062,0.20737,0.01338,0.01925,0.01552,0.04987,0.00265,0.00990,0.00436,0.00433
0.06999,0.01065,0.02782,0.00941,0.02132,0.02281,0.02955,0.01725,0.33289,0.00733,0.27363,0.00580,0.00728,0.00923,0.00930,0.06772,0.06544,0.00243,0.00268,0.00110,0.00425,0.00213
0.37234,0.00626,0.01009,0.00295,0.02533,0.00403,0.00416,0.00523,0.00249,0.00226,0.00210,0.00437,0.00502,0.00127,0.11067,0.00595,0.00370,0.42586,0.00110,0.00065,0.00130,0.00285
0.03610,0.03933,0.00879,0.03171,0.41708,0.38365,0.00335,0.00174,0.00432,0.02193,0.00807,0.01298,0.00192,0.00227,0.00585,0.00279,0.00381,0.00215,0.00271,0.00178,0.00166,0.00599
0.05819,0.00807,0.01368,0.00705,0.03331,0.00738,0.00460,0.01362,0.02449,0.09433,0.01187,0.10365,0.03327,0.01935,0.00528,0.27861,0.27377,0.00307,0.00076,0.00207,0.00293,0.00065
0.07329,0.41023,0.01469,0.03141,0.39032,0.00372,0.01323,0.00653,0.00674,0.00944,0.00455,0.00020,0.00162,0.01218,0.00407,0.00319,0.00406,0.00084,0.00032,0.00564,0.00292,0.00082
0.02343,0.00220,0.00481,0.00256,0.00271,0.00451,0.01138,0.00309,0.01361,0.42563,0.00215,0.00760,0.00996,0.00956,0.44068,0.00616,0.01346,0.00585,0.00749,0.00230,0.00030,0.00058
0.04064,0.39462,0.03720,0.01325,0.39474,0.00908,0.01090,0.01811,0.02573,0.00112,0.00574,0.00157,0.00135,0.01164,0.01215,0.00638,0.00892,0.00068,0.00233,0.00153,0.00157,0.00076
0.03812,0.04365,0.01042,0.03310,0.04167,0.01732,0.32888,0.01440,0.02758,0.02205,0.01408,0.01023,0.30254,0.03107,0.02122,0.00141,0.00645,0.00967,0.01055,0.00313,0.00652,0.00593
0.10412,0.02337,0.05353,0.00175,0.34639,0.33140,0.01984,0.00542,0.00380,0.02902,0.00298,0.02575,0.00387,0.01407,0.00417,0.01112,0.00828,0.00557,0.00071,0.00029,0.00174,0.00280
0.05463,0.05063,0.02770,0.01060,0.02585,0.03939,0.03761,0.00303,0.02893,0.01273,0.33090,0.06938,0.00895,0.00830,0.00246,0.00324,0.00367,0.27885,0.00063,0.00172,0.00005,0.00076
0.03238,0.15499,0.00672,0.02373,0.00322,0.01182,0.01099,0.01637,0.13523,0.13227,0.13571,0.24299,0.01159,0.01952,0.00474,0.00314,0.01294,0.01286,0.00971,0.00315,0.00143,0.01448
0.04940,0.23574,0.01506,0.00165,0.20863,0.01086,0.01777,0.00222,0.00700,0.20448,0.00826,0.20937,0.00213,0.00594,0.00508,0.00552,0.00143,0.00092,0.00077,0.00331,0.00172,0.00274
0.05698,0.37121,0.02617,0.00673,0.00191,0.00827,0.00334,0.06658,0.01337,0.00561,0.00219,0.33880,0.01193,0.00464,0.00687,0.00638,0.05161,0.00080,0.00872,0.00219,0.00559,0.00009
0.03296,0.01698,0.03725,0.01313,0.00618,0.00780,0.00103,0.03194,0.00820,0.39845,0.00872,0.39785,0.00273,0.00153,0.00393,0.00670,0.00081,0.00813,0.00500,0.00980,0.00051,0.00037
0.44235,0.02877,0.38276,0.00819,0.00502,0.00285,0.00928,0.00220,0.01004,0.02284,0.00926,0.03567,0.00217,0.00220,0.00523,0.01250,0.00174,0.00198,0.00337,0.00785,0.00213,0.00160
0.05774,0.02817,0.03518,0.39911,0.00710,0.00690,0.00519,0.01540,0.00406,0.02775,0.00526,0.00745,0.00672,0.34717,0.02550,0.00461,0.00525,0.00022,0.00186,0.00278,0.00150,0.00510
0.06372,0.01429,0.02992,0.02694,0.00621,0.00482,0.01593,0.00620,0.00837,0.00397,0.39901,0.00196,0.00728,0.01414,0.00408,0.00598,0.00602,0.37096,0.00067,0.00626,0.00081,0.00244
0.05927,0.00586,0.06126,0.01124,0.00939,0.01059,0.00534,0.35367,0.03196,0.00649,0.01513,0.00912,0.02041,0.02830,0.01515,0.00620,0.33536,0.00579,0.00286,0.00095,0.00322,0.00245
0.15072,0.02706,0.04573,0.03673,0.04659,0.02335,0.03131,0.15421,0.02547,0.00841,0.00867,0.00455,0.00813,0.02794,0.00626,0.14707,0.23670,0.00370,0.00472,0.00080,0.00148,0.00041
0.09890,0.15369,0.03102,0.02184,0.15600,0.02007,0.00679,0.02033,0.01019,0.01877,0.19222,0.00423,0.00545,0.00344,0.01188,0.01277,0.00932,0.18776,0.00263,0.00776,0.00615,0.01879
0.78101,0.00943,0.13894,0.00119,0.00102,0.00528,0.00234,0.01631,0.00783,0.00170,0.00406,0.00712,0.00174,0.00573,0.00275,0.00120,0.00484,0.00087,0.00494,0.00022,0.00026,0.00122
0.04535,0.41722,0.01383,0.01027,0.00973,0.01726,0.00306,0.00528,0.00807,0.02630,0.00562,0.40017,0.00473,0.00590,0.00644,0.00371,0.00978,0.00099,0.00036,0.00119,0.00047,0.00430
0.10690,0.35746,0.04460,0.02426,0.32816,0.01109,0.00764,0.01948,0.00626,0.01264,0.00676,0.01722,0.00834,0.00404,0.00769,0.00908,0.01886,0.00124,0.00681,0.00060,0.00037,0.00051
0.03360,0.00516,0.01095,0.01084,0.00258,0.00610,0.01587,0.01915,0.00587,0.40916,0.00211,0.40218,0.00506,0.02429,0.01823,0.00276,0.00353,0.00247,0.00213,0.01288,0.00295,0.00213
0.04401,0.00532,0.01648,0.02021,0.01352,0.03415,0.02129,0.00959,0.00232,0.01842,0.15189,0.01248,0.03494,0.02416,0.02934,0.00456,0.01507,0.16158,0.17590,0.17062,0.02284,0.01129
0.14199,0.26955,0.00471,0.11605,0.00262,0.00622,0.02683,0.00506,0.00184,0.00277,0.01073,0.25350,0.00406,0.11623,0.01166,0.00393,0.00476,0.00116,0.00960,0.00246,0.00416,0.00010
0.06893,0.00606,0.39517,0.00786,0.00861,0.04010,0.01692,0.00915,0.01945,0.01308,0.01124,0.00697,0.00546,0.00486,0.00610,0.33295,0.00703,0.00339,0.02530,0.00221,0.00402,0.00513
0.35141,0.00665,0.00572,0.00761,0.02014,0.00266,0.00098,0.01595,0.00256,0.00913,0.00233,0.00190,0.00593,0.00426,0.12859,0.00694,0.00101,0.42128,0.00173,0.00086,0.00116,0.00122
0.06083,0.00803,0.01353,0.01562,0.06239,0.06361,0.03410,0.00767,0.32840,0.00340,0.34216,0.01638,0.01860,0.00512,0.00940,0.00384,0.00072,0.00071,0.00061,0.00206,0.00068,0.00214
0.16730,0.00352,0.00876,0.01848,0.00972,0.01206,0.03686,0.02312,0.30648,0.00812,0.32370,0.00384,0.02693,0.01676,0.00881,0.00264,0.01203,0.00294,0.00358,0.00233,0.00128,0.00076
0.09704,0.36735,0.01548,0.00293,0.36567,0.03900,0.02324,0.00920,0.00381,0.00456,0.01377,0.00224,0.00811,0.00323,0.00424,0.00681,0.01623,0.01224,0.00072,0.00200,0.00029,0.00185
0.71792,0.00300,0.00818,0.00565,0.00383,0.00194,0.04635,0.00747,0.00093,0.00246,0.00265,0.00152,0.16973,0.00494,0.00204,0.00170,0.00493,0.00283,0.00459,0.00109,0.00301,0.00325
0.15171,0.18113,0.19713,0.00510,0.16008,0.00664,0.01659,0.00960,0.00832,0.01615,0.00123,0.00197,0.03131,0.00262,0.01055,0.16321,0.02849,0.00133,0.00122,0.00401,0.00022,0.00138
0.05201,0.01939,0.00569,0.02007,0.00858,0.36752,0.00568,0.40750,0.00874,0.00434,0.00457,0.01673,0.01106,0.00473,0.00476,0.02140,0.02905,0.00273,0.00149,0.00155,0.00033,0.00208
0.17984,0.01199,0.02185,0.00802,0.01170,0.00636,0.01976,0.02080,0.00320,0.02130,0.00626,0.03812,0.01199,0.00462,0.00893,0.28631,0.31931,0.00985,0.00257,0.00105,0.00332,0.00284
0.07631,0.34521,0.02012,0.01173,0.00559,0.01044,0.00736,0.01836,0.01726,0.00889,0.01890,0.34539,0.00416,0.02230,0.03838,0.00629,0.02680,0.00281,0.00413,0.00388,0.00161,0.00411
0.06202,0.09720,0.02530,0.03763,0.09230,0.26036,0.01029,0.29102,0.00762,0.01939,0.01008,0.00149,0.00561,0.03239,0.00184,0.00946,0.00676,0.02441,0.00126,0.00103,0.00006,0.00249
0.76083,0.00292,0.15988,0.00382,0.00102,0.00308,0.00162,0.00961,0.01305,0.00289,0.01510,0.00280,0.00080,0.00916,0.00212,0.00387,0.00075,0.00266,0.00138,0.00031,0.00126,0.00105
0.25663,0.04930,0.02014,0.04809,0.01640,0.03478,0.02750,0.00733,0.01185,0.12143,0.01166,0.15946,0.15333,0.01621,0.03685,0.00581,0.00709,0.00359,0.00513,0.00213,0.00263,0.00267
0.02574,0.16263,0.00701,0.01612,0.01798,0.02645,0.06732,0.01939,0.05135,0.00922,0.23031,0.11368,0.00477,0.01436,0.00537,0.00571,0.01281,0.19612,0.00866,0.00074,0.00013,0.00412
0.05758,0.02167,0.00463,0.00614,0.40569,0.37380,0.00930,0.00063,0.01659,0.00182,0.01617,0.00794,0.01644,0.01164,0.02211,0.00402,0.00168,0.00783,0.00579,0.00248,0.00259,0.00347
0.10750,0.11052,0.08030,0.02341,0.06201,0.02465,0.03756,0.22461,0.01427,0.00340,0.01155,0.00998,0.00219,0.01553,0.00385,0.00145,0.21079,0.01304,0.01963,0.01292,0.00404,0.00680
0.04516,0.01265,0.02867,0.01239,0.00687,0.00069,0.00731,0.00404,0.01241,0.01005,0.01770,0.00607,0.00394,0.03517,0.00814,0.00136,0.00566,0.00067,0.38653,0.39080,0.00265,0.00107
0.77702,0.00377,0.01206,0.00150,0.00281,0.00203,0.03399,0.00116,0.00370,0.00206,0.00258,0.00732,0.13464,0.00369,0.00219,0.00278,0.00223,0.00053,0.00106,0.00084,0.00104,0.00100
0.04300,0.00341,0.02341,0.03089,0.00232,0.01649,0.00486,0.03040,0.39650,0.00453,0.01850,0.00388,0.00367,0.37699,0.01379,0.01269,0.00389,0.00125,0.00304,0.00328,0.00036,0.00283
0.08191,0.02012,0.04941,0.00275,0.08786,0.11386,0.01611,0.02553,0.25969,0.02981,0.26665,0.01703,0.00171,0.00286,0.00619,0.00383,0.00326,0.00079,0.00205,0.00499,0.00028,0.00330
0.02986,0.01872,0.02052,0.02435,0.06027,0.04681,0.03245,0.00153,0.00374,0.34511,0.01109,0.00547,0.00579,0.01668,0.33957,0.00092,0.00742,0.02184,0.00112,0.00512,0.00090,0.00071
0.05210,0.01615,0.01354,0.02190,0.00373,0.02099,0.00776,0.36206,0.00350,0.00387,0.00314,0.01098,0.01681,0.00195,0.02415,0.06323,0.36403,0.00099,0.00069,0.00306,0.00172,0.00364
0.13308,0.02903,0.01403,0.01515,0.02104,0.00391,0.03660,0.00119,0.31492,0.00041,0.39368,0.00042,0.01392,0.01168,0.00167,0.00104,0.00042,0.00115,0.00183,0.00177,0.00128,0.00178
0.07251,0.05417,0.01172,0.18220,0.05025,0.17809,0.00720,0.19296,0.00430,0.00731,0.01172,0.02425,0.00841,0.17371,0.00479,0.00381,0.00303,0.00328,0.00070,0.00232,0.00061,0.00266
0.04980,0.00976,0.01312,0.00834,0.01051,0.02298,0.00726,0.02021,0.38520,0.00787,0.41129,0.00274,0.00242,0.00231,0.00570,0.01808,0.00872,0.00373,0.00438,0.00139,0.00313,0.00105
0.07159,0.13808,0.02882,0.24540,0.15816,0.03974,0.00723,0.00986,0.02228,0.00526,0.00424,0.00718,0.00800,0.19503,0.00191,0.01286,0.01019,0.00466,0.01288,0.01403,0.00110,0.00151
0.03023,0.02048,0.01149,0.00836,0.02349,0.00504,0.00559,0.13555,0.00196,0.29645,0.01918,0.32538,0.00648,0.00424,0.00605,0.00876,0.07548,0.00246,0.00077,0.00741,0.00400,0.00114
0.05758,0.01257,0.01866,0.04945,0.01678,0.00764,0.00952,0.37793,0.00439,0.00716,0.01504,0.00827,0.00458,0.00162,0.00270,0.01458,0.36774,0.01592,0.00115,0.00406,0.00243,0.00022
0.04222,0.01360,0.01526,0.01142,0.00553,0.00387,0.04050,0.01813,0.01078,0.01962,0.14027,0.00460,0.00799,0.00433,0.00645,0.01772,0.01115,0.13332,0.24327,0.23674,0.00548,0.00774
0.41755,0.00991,0.00745,0.00631,0.00721,0.07970,0.41430,0.00465,0.00124,0.01750,0.00303,0.00599,0.00090,0.00557,0.00359,0.00478,0.00089,0.00198,0.00091,0.00207,0.00385,0.00063
0.06959,0.00641,0.00431,0.00699,0.00324,0.00290,0.00958,0.00561,0.41379,0.01248,0.42265,0.00337,0.00830,0.00538,0.00704,0.00417,0.00052,0.00196,0.00289,0.00171,0.00330,0.00380
0.05737,0.00813,0.38422,0.00764,0.01018,0.01205,0.03950,0.02929,0.01108,0.00528,0.00710,0.00442,0.01559,0.00379,0.00413,0.35268,0.01462,0.00202,0.01784,0.00381,0.00594,0.00329
0.03147,0.40240,0.02002,0.02309,0.39600,0.01307,0.01208,0.00388,0.00959,0.00846,0.01763,0.01034,0.01214,0.02319,0.00134,0.00278,0.00511,0.00083,0.00163,0.00256,0.00016,0.00222
0.06266,0.01420,0.00730,0.02560,0.00621,0.00511,0.16765,0.00568,0.21490,0.01463,0.23086,0.00462,0.19222,0.01070,0.00990,0.00600,0.00428,0.00723,0.00292,0.00230,0.00206,0.00301
0.05812,0.00189,0.37386,0.00298,0.02159,0.03034,0.00161,0.06351,0.03822,0.01034,0.00514,0.00213,0.00540,0.00382,0.03666,0.32384,0.00837,0.00295,0.00293,0.00250,0.00322,0.00058
0.03875,0.06852,0.02414,0.01074,0.03984,0.00499,0.38037,0.02908,0.00937,0.01019,0.01020,0.00428,0.32088,0.00720,0.00917,0.00388,0.00834,0.00150,0.00455,0.00252,0.00759,0.00386
0.06134,0.00368,0.01937,0.02124,0.00087,0.00320,0.01885,0.00054,0.00285,0.41017,0.00185,0.00521,0.00830,0.01560,0.38649,0.01618,0.00827,0.00484,0.00218,0.00110,0.00722,0.00066
0.21498,0.02683,0.05928,0.00558,0.02600,0.00604,0.25137,0.02564,0.01597,0.01029,0.01398,0.02873,0.25544,0.00172,0.00855,0.00574,0.00468,0.00286,0.00299,0.02609,0.00476,0.00246
0.03478,0.42781,0.03649,0.01648,0.41885,0.00279,0.00503,0.01424,0.00884,0.00599,0.00241,0.00334,0.00421,0.00314,0.00145,0.00544,0.00220,0.00302,0.00064,0.00069,0.00087,0.00129
0.07270,0.03163,0.35578,0.00734,0.00999,0.00625,0.00878,0.00879,0.00179,0.02492,0.00452,0.02280,0.00829,0.00132,0.00759,0.34478,0.05487,0.01298,0.00238,0.00220,0.00169,0.00861
0.09094,0.02508,0.29057,0.02674,0.00840,0.01733,0.02635,0.09704,0.01055,0.02124,0.02455,0.00336,0.01520,0.01376,0.01458,0.22647,0.07700,0.00228,0.00467,0.00238,0.00040,0.00110
0.14242,0.00569,0.00177,0.02490,0.01448,0.02516,0.02225,0.32602,0.00606,0.01922,0.00562,0.00404,0.01137,0.00217,0.00633,0.01496,0.33871,0.01211,0.00200,0.01198,0.00048,0.00227
0.07587,0.04968,0.33601,0.00849,0.02409,0.00848,0.01250,0.00360,0.02527,0.01192,0.01561,0.00192,0.00653,0.00659,0.01283,0.31777,0.00490,0.00788,0.02902,0.00497,0.01885,0.01723
0.06029,0.00405,0.00777,0.00797,0.01068,0.37629,0.00159,0.42403,0.01506,0.02661,0.00149,0.01821,0.01119,0.01478,0.00979,0.00126,0.00414,0.00090,0.00123,0.00133,0.00010,0.00124
0.06860,0.00441,0.05470,0.00565,0.00993,0.01654,0.03305,0.04017,0.35218,0.00306,0.32681,0.00565,0.00791,0.00608,0.00529,0.01209,0.00354,0.00693,0.00223,0.02665,0.00693,0.00161
0.35251,0.02270,0.01106,0.01614,0.01475,0.00327,0.00698,0.00291,0.00278,0.00468,0.00476,0.00480,0.03830,0.00344,0.12961,0.00861,0.00181,0.35130,0.00474,0.00152,0.01106,0.00224
0.06712,0.00533,0.01716,0.04697,0.01253,0.00826,0.35523,0.00975,0.00931,0.00712,0.02243,0.01134,0.36568,0.02816,0.00883,0.00782,0.00779,0.00492,0.00082,0.00245,0.00037,0.00064
0.67178,0.02919,0.01440,0.01127,0.02333,0.00483,0.06326,0.00222,0.00534,0.00536,0.00903,0.00180,0.11727,0.00685,0.00551,0.00833,0.00518,0.00141,0.00406,0.00384,0.00055,0.00517
0.03870,0.35744,0.02215,0.00587,0.32910,0.00394,0.01604,0.00553,0.04667,0.01641,0.05684,0.03172,0.01640,0.00457,0.01342,0.01567,0.00405,0.00625,0.00086,0.00144,0.00350,0.00341
0.07528,0.00480,0.00305,0.36914,0.01410,0.02320,0.01445,0.01219,0.01922,0.00729,0.00263,0.00516,0.00315,0.39364,0.02736,0.00450,0.00700,0.00718,0.00208,0.00103,0.00306,0.00050
0.04205,0.37360,0.03002,0.02577,0.38024,0.03308,0.01483,0.02493,0.00417,0.00557,0.00838,0.00322,0.00661,0.00516,0.00459,0.00531,0.00245,0.00245,0.00079,0.00037,0.01917,0.00723
0.03884,0.02280,0.01047,0.02573,0.00091,0.00997,0.02709,0.29097,0.02190,0.05067,0.00584,0.03526,0.02065,0.04577,0.06579,0.00482,0.27944,0.01800,0.01127,0.00635,0.00286,0.00460
0.05151,0.00875,0.02850,0.01250,0.04219,0.01425,0.35985,0.01598,0.01917,0.01672,0.01576,0.01299,0.34273,0.00541,0.01861,0.00221,0.01509,0.00849,0.00238,0.00157,0.00383,0.00152
0.03949,0.09536,0.01208,0.07304,0.06248,0.01470,0.02221,0.17802,0.00632,0.08502,0.07976,0.05115,0.01453,0.04957,0.01247,0.00258,0.15560,0.03556,0.00347,0.00302,0.00254,0.00105
0.05284,0.01769,0.02989,0.01099,0.00448,0.00402,0.00900,0.03242,0.03049,0.35339,0.02151,0.36518,0.00429,0.02081,0.01638,0.01013,0.00612,0.00444,0.00257,0.00091,0.00142,0.00103
0.07437,0.00650,0.36500,0.00958,0.02757,0.00451,0.00471,0.01079,0.01627,0.02197,0.01959,0.02014,0.00556,0.00545,0.00473,0.37403,0.01495,0.00216,0.00326,0.00272,0.00055,0.00560
0.05342,0.02088,0.00128,0.01882,0.01887,0.00268,0.00396,0.38593,0.00115,0.01458,0.00215,0.00991,0.01722,0.00584,0.03110,0.01193,0.37249,0.00314,0.01412,0.00692,0.00173,0.00187
0.11371,0.00814,0.03004,0.00138,0.00405,0.00807,0.02579,0.34804,0.01703,0.02097,0.02369,0.03275,0.00842,0.00555,0.01103,0.00713,0.30956,0.01229,0.00512,0.00185,0.00221,0.00317
0.04226,0.00433,0.01128,0.01736,0.38814,0.37693,0.00851,0.01739,0.00558,0.00992,0.00983,0.00487,0.01465,0.01388,0.00543,0.00248,0.01058,0.00696,0.02015,0.01216,0.00213,0.01517
0.07659,0.01350,0.00492,0.01464,0.00974,0.00771,0.01594,0.00894,0.01903,0.00473,0.00675,0.00340,0.02836,0.00419,0.00904,0.39381,0.36242,0.00269,0.01118,0.00111,0.00091,0.00039
0.22748,0.01743,0.01551,0.01545,0.01176,0.00407,0.30553,0.00537,0.02891,0.00077,0.00584,0.00264,0.29503,0.01612,0.01699,0.00345,0.00896,0.01040,0.00508,0.00114,0.00001,0.00203
0.06462,0.40898,0.00498,0.01150,0.37208,0.00939,0.02016,0.01298,0.02397,0.01526,0.00229,0.00901,0.01172,0.00409,0.00320,0.00563,0.00294,0.00103,0.00489,0.00368,0.00223,0.00538
0.09854,0.00695,0.06969,0.07822,0.00495,0.01229,0.03902,0.26143,0.02111,0.00976,0.01146,0.01095,0.01030,0.00473,0.08447,0.00775,0.24271,0.00809,0.00888,0.00311,0.00542,0.00017
0.08151,0.01603,0.01106,0.00226,0.00803,0.01007,0.38484,0.00437,0.04253,0.00660,0.00259,0.00629,0.34242,0.01432,0.00313,0.01996,0.00118,0.00979,0.01245,0.01901,0.00120,0.00037
0.45360,0.03065,0.00232,0.03496,0.02456,0.00668,0.07608,0.01150,0.00514,0.00342,0.00393,0.00162,0.07525,0.05069,0.01082,0.07132,0.12914,0.00061,0.00195,0.00337,0.00049,0.00191
0.71742,0.00958,0.00505,0.00345,0.00492,0.00133,0.00740,0.00566,0.00203,0.00450,0.00394,0.00122,0.00167,0.00339,0.00115,0.08719,0.13616,0.00151,0.00050,0.00032,0.00119,0.00040
0.08582,0.00846,0.00414,0.03263,0.01054,0.00638,0.00592,0.00283,0.38848,0.00280,0.40016,0.00116,0.00666,0.00601,0.02515,0.00478,0.00162,0.00114,0.00218,0.00127,0.00102,0.00086
0.08602,0.01132,0.11902,0.00435,0.02139,0.01627,0.02146,0.03909,0.21072,0.00858,0.21294,0.00616,0.00802,0.00259,0.00457,0.12844,0.07271,0.00780,0.00147,0.00811,0.00851,0.00045
0.11319,0.00783,0.00267,0.00794,0.00235,0.00161,0.00320,0.00308,0.39642,0.01516,0.37104,0.01181,0.01429,0.00690,0.02561,0.00259,0.00154,0.00206,0.00233,0.00435,0.00190,0.00214
0.02422,0.01448,0.02638,0.00930,0.00585,0.00162,0.01039,0.03557,0.00467,0.41971,0.01291,0.35984,0.00392,0.01621,0.03111,0.00769,0.01049,0.00302,0.00117,0.00026,0.00078,0.00039
0.03961,0.01921,0.00626,0.00578,0.00864,0.01505,0.00481,0.01727,0.01629,0.41105,0.01348,0.38735,0.01108,0.00513,0.00723,0.01776,0.00334,0.00405,0.00414,0.00108,0.00039,0.00100
0.06618,0.18994,0.00283,0.00277,0.23239,0.02161,0.00923,0.01371,0.00725,0.02083,0.18011,0.01761,0.01448,0.00505,0.04375,0.00087,0.00426,0.15620,0.00316,0.00503,0.00030,0.00242
0.09257,0.03258,0.40294,0.00381,0.05605,0.01805,0.00534,0.00352,0.01326,0.00554,0.00783,0.01864,0.00228,0.00911,0.00067,0.31404,0.00182,0.00432,0.00289,0.00279,0.00189,0.00007
0.12313,0.23615,0.03995,0.02486,0.20606,0.02084,0.00328,0.00570,0.00776,0.00552,0.00106,0.01145,0.02135,0.01298,0.00935,0.00058,0.00217,0.00245,0.13069,0.11691,0.00680,0.01095
0.05814,0.02754,0.04096,0.05017,0.01944,0.00764,0.01167,0.08115,0.01968,0.29850,0.00455,0.28531,0.01417,0.04314,0.01767,0.00500,0.00545,0.00041,0.00403,0.00086,0.00449,0.00003
0.03853,0.00697,0.01080,0.01546,0.00275,0.02305,0.00631,0.04862,0.00191,0.40027,0.00523,0.38373,0.00785,0.00816,0.00374,0.00585,0.02069,0.00205,0.00301,0.00083,0.00307,0.00111
0.03862,0.01848,0.02387,0.33942,0.00770,0.02873,0.02080,0.02661,0.05854,0.00559,0.00572,0.01030,0.00753,0.37834,0.00712,0.00791,0.00118,0.01040,0.00047,0.00032,0.00075,0.00160
0.39117,0.01742,0.32189,0.03516,0.00585,0.00294,0.02957,0.01796,0.03500,0.03011,0.04577,0.01011,0.00130,0.00074,0.03529,0.00316,0.00092,0.00143,0.00124,0.00594,0.00498,0.00205
0.23616,0.01498,0.00513,0.00568,0.00211,0.00632,0.01464,0.02651,0.00999,0.22972,0.00804,0.19244,0.01606,0.00450,0.00855,0.00328,0.00831,0.00337,0.08592,0.11135,0.00283,0.00410
0.02889,0.00524,0.01030,0.00326,0.00431,0.00570,0.01765,0.00595,0.41741,0.00740,0.01130,0.00442,0.03646,0.40200,0.00228,0.01757,0.00233,0.00553,0.00624,0.00081,0.00442,0.00053
0.03085,0.00891,0.01720,0.02710,0.00135,0.40989,0.00924,0.41503,0.01027,0.01012,0.00807,0.00500,0.01378,0.00511,0.01288,0.00276,0.00357,0.00249,0.00408,0.00077,0.00071,0.00082
0.21869,0.00684,0.36092,0.01351,0.00468,0.00485,0.01248,0.00871,0.00327,0.00544,0.00221,0.00413,0.00308,0.00806,0.01247,0.31729,0.00288,0.00300,0.00655,0.00051,0.00035,0.00007
0.08211,0.10253,0.02547,0.02237,0.00834,0.01151,0.26324,0.00431,0.00983,0.01857,0.01059,0.11047,0.27509,0.00267,0.00302,0.00315,0.00435,0.00552,0.00773,0.01631,0.00762,0.00520
0.07613,0.39426,0.01281,0.00438,0.00736,0.03464,0.00844,0.03517,0.00984,0.00310,0.00258,0.36797,0.00167,0.00307,0.02378,0.00203,0.00261,0.00215,0.00155,0.00391,0.00189,0.00067
0.06005,0.00379,0.02892,0.24663,0.00916,0.00745,0.01001,0.00607,0.12928,0.00212,0.09879,0.00231,0.02609,0.24949,0.05618,0.01057,0.02987,0.00347,0.01324,0.00233,0.00089,0.00331
0.06488,0.01040,0.01119,0.36208,0.01201,0.04158,0.00841,0.03743,0.02408,0.00613,0.00744,0.00740,0.03324,0.32710,0.00100,0.01019,0.01520,0.00310,0.00613,0.00331,0.00205,0.00565
0.05556,0.41455,0.05362,0.01381,0.00219,0.01748,0.00471,0.01037,0.00236,0.00133,0.00097,0.38338,0.01780,0.00549,0.00515,0.00113,0.00322,0.00090,0.00234,0.00063,0.00115,0.00186
0.55041,0.01223,0.28788,0.00840,0.00201,0.00457,0.00399,0.00326,0.00463,0.03913,0.00486,0.03678,0.00358,0.00745,0.01472,0.00471,0.00313,0.00299,0.00316,0.00051,0.00017,0.00141
0.46864,0.03666,0.09181,0.02358,0.00087,0.00879,0.02100,0.13040,0.00437,0.00013,0.00148,0.01835,0.02147,0.01345,0.00386,0.03078,0.11279,0.00634,0.00344,0.00119,0.00031,0.00031
0.04242,0.00839,0.00284,0.00317,0.03644,0.02161,0.39588,0.00349,0.02714,0.00274,0.02494,0.00471,0.37350,0.01263,0.01367,0.00368,0.00405,0.00341,0.00896,0.00232,0.00303,0.00098
0.14056,0.00629,0.00693,0.00893,0.00678,0.00459,0.00231,0.02391,0.03356,0.37142,0.02072,0.33229,0.00338,0.00626,0.00381,0.00299,0.00710,0.00245,0.00575,0.00733,0.00225,0.00039
0.02219,0.06648,0.06681,0.03039,0.01759,0.02727,0.06546,0.02844,0.30043,0.01740,0.27175,0.01466,0.01330,0.02352,0.00034,0.00363,0.01301,0.00391,0.00292,0.00091,0.00509,0.00452
0.14755,0.02109,0.13825,0.02259,0.00080,0.00823,0.01051,0.01992,0.24806,0.00823,0.28070,0.00722,0.00554,0.00339,0.01718,0.03132,0.02176,0.00124,0.00265,0.00200,0.00063,0.00116
0.03084,0.01742,0.00614,0.00306,0.01131,0.43474,0.00198,0.43907,0.01585,0.00134,0.00024,0.01221,0.00644,0.00115,0.00081,0.00060,0.00277,0.00223,0.00259,0.00650,0.00189,0.00083
0.10548,0.02286,0.00674,0.04023,0.01428,0.02323,0.29199,0.03589,0.00683,0.00719,0.00556,0.01854,0.24957,0.00801,0.03454,0.03826,0.07016,0.00173,0.00219,0.00524,0.00073,0.01075
0.07574,0.01018,0.02455,0.02900,0.01708,0.00368,0.01544,0.00542,0.01184,0.00340,0.01039,0.00266,0.01722,0.00918,0.00963,0.00538,0.00817,0.00366,0.36508,0.36324,0.00303,0.00602
0.13205,0.21248,0.00358,0.02443,0.01093,0.00520,0.02327,0.01124,0.14002,0.00546,0.12310,0.20016,0.03051,0.01764,0.02766,0.00665,0.00282,0.01575,0.00152,0.00278,0.00082,0.00193
0.03124,0.41535,0.01345,0.00115,0.42170,0.01894,0.01189,0.02565,0.00275,0.00236,0.00367,0.00201,0.01156,0.00214,0.00421,0.00316,0.01269,0.00125,0.00244,0.00632,0.00219,0.00391
0.06317,0.37684,0.00981,0.01814,0.02288,0.02021,0.00189,0.00358,0.03920,0.00918,0.02959,0.37316,0.00015,0.00835,0.00326,0.00480,0.00422,0.00363,0.00435,0.00101,0.00158,0.00100
0.07610,0.02135,0.15823,0.12242,0.00251,0.01560,0.05598,0.10764,0.00661,0.02879,0.00711,0.00503,0.01559,0.06903,0.04605,0.10003,0.12713,0.00787,0.00871,0.00731,0.00494,0.00597
0.10918,0.01603,0.01336,0.02912,0.02086,0.02643,0.01202,0.00433,0.34604,0.00235,0.36051,0.00703,0.00564,0.00317,0.00399,0.00941,0.02002,0.00614,0.00066,0.00130,0.00113,0.00127
0.29204,0.04104,0.02528,0.17323,0.05742,0.02950,0.02209,0.00376,0.00824,0.00648,0.02831,0.00161,0.00812,0.19825,0.00843,0.00850,0.05486,0.01853,0.00230,0.00360,0.00612,0.00229
0.22124,0.23094,0.05261,0.00288,0.00181,0.00384,0.01426,0.09831,0.00492,0.01107,0.03326,0.20107,0.01393,0.00300,0.00377,0.00993,0.07251,0.01081,0.00700,0.00061,0.00116,0.00106
0.07247,0.00278,0.01280,0.01305,0.00438,0.00475,0.01994,0.01226,0.00305,0.40334,0.01307,0.40383,0.00537,0.00541,0.00413,0.00486,0.00523,0.00686,0.00078,0.00091,0.00039,0.00036
0.05488,0.36526,0.01044,0.02318,0.00524,0.00986,0.00344,0.05435,0.01758,0.00223,0.00880,0.34818,0.00534,0.03534,0.00171,0.00330,0.03684,0.00548,0.00190,0.00118,0.00477,0.00069
0.07342,0.01054,0.36894,0.03477,0.00660,0.01717,0.01496,0.00753,0.01581,0.01051,0.01061,0.01561,0.01476,0.02367,0.00530,0.32209,0.00664,0.00335,0.02391,0.00570,0.00415,0.00396
0.05805,0.25054,0.01642,0.01091,0.24807,0.04159,0.00250,0.00924,0.00544,0.14592,0.00973,0.13055,0.00500,0.00354,0.01142,0.02489,0.00696,0.00901,0.00178,0.00782,0.00036,0.00026
0.07374,0.00855,0.01288,0.02783,0.01243,0.00048,0.01394,0.38572,0.00427,0.02222,0.01282,0.00550,0.01468,0.01433,0.00863,0.01262,0.35521,0.00575,0.00289,0.00351,0.00150,0.00050
0.23949,0.04681,0.03705,0.00659,0.00966,0.00193,0.00452,0.07140,0.01996,0.25099,0.00703,0.20952,0.00340,0.00937,0.01667,0.00158,0.05033,0.00067,0.00584,0.00259,0.00272,0.00187
0.06293,0.00507,0.02474,0.03271,0.01320,0.01500,0.01709,0.04120,0.30124,0.03531,0.00165,0.02748,0.00165,0.32133,0.02090,0.00629,0.04252,0.01005,0.00309,0.00799,0.00310,0.00544
0.08355,0.01235,0.00308,0.40075,0.00231,0.01428,0.00445,0.01228,0.01739,0.00374,0.00527,0.02396,0.00243,0.38599,0.00324,0.00720,0.00371,0.00339,0.00173,0.00054,0.00386,0.00452
0.22171,0.00555,0.16753,0.03292,0.00896,0.01260,0.01997,0.00363,0.01629,0.20016,0.00188,0.16437,0.01291,0.03733,0.06419,0.01009,0.00377,0.00173,0.00702,0.00494,0.00194,0.00051
0.02866,0.02004,0.10153,0.02991,0.02709,0.00732,0.01591,0.00741,0.29943,0.01781,0.00262,0.01015,0.00538,0.28986,0.01190,0.08424,0.01451,0.00854,0.00998,0.00165,0.00112,0.00495
0.09404,0.01900,0.01347,0.00861,0.04610,0.01396,0.00244,0.02582,0.03528,0.04264,0.01369,0.06624,0.02522,0.00873,0.01324,0.29834,0.26591,0.00052,0.00229,0.00199,0.00183,0.00063
0.03658,0.00417,0.00249,0.44469,0.00377,0.00621,0.00472,0.00078,0.00356,0.00191,0.00390,0.00973,0.00113,0.00747,0.45318,0.00168,0.00280,0.00274,0.00320,0.00112,0.00131,0.00286
0.04211,0.03331,0.01857,0.00568,0.03906,0.04726,0.00573,0.39463,0.00312,0.00669,0.00612,0.00737,0.01416,0.00949,0.00293,0.00226,0.34939,0.00191,0.00194,0.00333,0.00211,0.00283
0.41366,0.00407,0.00361,0.01868,0.01753,0.00571,0.01609,0.00818,0.00443,0.00767,0.00559,0.00474,0.00603,0.01121,0.09650,0.00178,0.01828,0.34798,0.00441,0.00103,0.00279,0.00002
0.10850,0.01724,0.02772,0.00718,0.01338,0.02428,0.00840,0.03802,0.00174,0.35639,0.00439,0.36352,0.00139,0.00532,0.00524,0.00139,0.00175,0.00558,0.00147,0.00141,0.00306,0.00263
0.39352,0.08396,0.01483,0.00644,0.02588,0.04337,0.26162,0.02946,0.00330,0.03087,0.00533,0.01161,0.00262,0.00945,0.05560,0.00521,0.00590,0.00757,0.00053,0.00132,0.00100,0.00061
0.08945,0.00973,0.04054,0.01405,0.00490,0.00789,0.01651,0.35885,0.00374,0.02330,0.00516,0.00408,0.00576,0.00913,0.00562,0.00518,0.37333,0.00156,0.00239,0.00713,0.00395,0.00775
0.18264,0.00867,0.07093,0.00410,0.01115,0.00698,0.00291,0.18432,0.00870,0.13492,0.00040,0.01196,0.00774,0.01590,0.11578,0.00076,0.16004,0.01216,0.01148,0.01623,0.00126,0.03097
0.05020,0.00879,0.01391,0.38383,0.00390,0.00756,0.02734,0.00903,0.01650,0.01588,0.00519,0.01140,0.02424,0.36668,0.02101,0.00211,0.00508,0.00155,0.02136,0.00201,0.00010,0.00235
0.05698,0.00400,0.12797,0.01715,0.00141,0.01434,0.03161,0.01061,0.07121,0.23184,0.00329,0.20236,0.00924,0.02341,0.01731,0.10247,0.01195,0.03962,0.01103,0.00327,0.00258,0.00636
0.11260,0.00188,0.00863,0.01354,0.01321,0.00373,0.00829,0.01140,0.38387,0.01030,0.02237,0.00460,0.00466,0.37104,0.00341,0.00710,0.00282,0.00729,0.00121,0.00325,0.00147,0.00333
0.03287,0.00960,0.02315,0.01907,0.03655,0.01288,0.01050,0.04275,0.36763,0.00344,0.01040,0.00717,0.03457,0.35506,0.00331,0.00138,0.02710,0.00073,0.00066,0.00034,0.00030,0.00054
0.12160,0.03097,0.00702,0.00495,0.00592,0.00562,0.00322,0.04375,0.01480,0.38203,0.00481,0.34648,0.00316,0.00581,0.00049,0.00500,0.00533,0.00117,0.00232,0.00109,0.00362,0.00086
0.03994,0.17211,0.00473,0.03177,0.16619,0.00915,0.22862,0.02475,0.00404,0.02192,0.00465,0.01595,0.21242,0.01087,0.01749,0.00874,0.01216,0.00295,0.00549,0.00529,0.00023,0.00054
0.03729,0.02619,0.01398,0.06743,0.01567,0.00472,0.00887,0.35025,0.00313,0.01419,0.01487,0.01024,0.00842,0.01432,0.01412,0.01877,0.36059,0.00284,0.00534,0.00684,0.00120,0.00075
0.09109,0.01362,0.02970,0.29800,0.00920,0.02385,0.01305,0.08580,0.00897,0.01080,0.00198,0.02706,0.02015,0.27368,0.01529,0.00105,0.07015,0.00252,0.00319,0.00033,0.00038,0.00015
0.06014,0.00709,0.01480,0.00159,0.06656,0.06372,0.01628,0.35721,0.00370,0.00145,0.02141,0.00376,0.00065,0.00628,0.00567,0.03115,0.32223,0.00567,0.00224,0.00361,0.00177,0.00304
0.08358,0.01584,0.02232,0.37477,0.00744,0.00501,0.01823,0.00113,0.01490,0.00365,0.00567,0.00609,0.02240,0.37693,0.01019,0.00262,0.01764,0.00159,0.00233,0.00083,0.00613,0.00072
0.02316,0.00815,0.01823,0.01105,0.03511,0.00901,0.36661,0.01468,0.00895,0.00255,0.01323,0.01115,0.42541,0.00609,0.01302,0.01135,0.00697,0.00533,0.00231,0.00251,0.00018,0.00494
0.06317,0.01107,0.04573,0.01251,0.01243,0.00750,0.01030,0.01320,0.38648,0.00157,0.39235,0.00588,0.00750,0.00438,0.00647,0.01063,0.00276,0.00077,0.00262,0.00232,0.00014,0.00022
0.18911,0.00739,0.06808,0.13865,0.02774,0.01256,0.03069,0.02719,0.03997,0.00177,0.03119,0.01177,0.01842,0.09360,0.06190,0.05000,0.00463,0.14118,0.01860,0.00864,0.00685,0.01008
0.15034,0.00895,0.00375,0.01347,0.00112,0.00770,0.02715,0.38596,0.00261,0.00935,0.00324,0.01185,0.00336,0.01136,0.01774,0.02279,0.29907,0.00365,0.00061,0.00698,0.00655,0.00240
0.04541,0.01636,0.01047,0.02075,0.01034,0.00522,0.01692,0.01473,0.01184,0.35961,0.03135,0.36494,0.00412,0.03765,0.00638,0.00232,0.01393,0.00206,0.01244,0.00854,0.00264,0.00198
0.07088,0.22572,0.02301,0.03521,0.02336,0.00209,0.01614,0.00455,0.05811,0.00251,0.01506,0.18455,0.01187,0.02760,0.01502,0.13177,0.13893,0.00546,0.00171,0.00386,0.00203,0.00058
0.08634,0.00522,0.00365,0.00393,0.00183,0.01815,0.01156,0.04726,0.00188,0.40696,0.00851,0.37379,0.00856,0.00532,0.00242,0.00095,0.00905,0.00200,0.00011,0.00082,0.00086,0.00083
0.13214,0.02050,0.01245,0.00990,0.00994,0.00379,0.02092,0.31974,0.02507,0.02105,0.00870,0.02088,0.05808,0.01020,0.00453,0.02002,0.25670,0.00043,0.02523,0.00975,0.00190,0.00810
0.04674,0.00942,0.40350,0.00173,0.01959,0.03946,0.03030,0.00592,0.00745,0.00958,0.01159,0.00171,0.02295,0.02842,0.00688,0.33737,0.00275,0.00279,0.00699,0.00198,0.00034,0.00254
0.37851,0.00289,0.00210,0.00365,0.02125,0.01779,0.00316,0.00261,0.00273,0.00386,0.00168,0.00363,0.00274,0.00110,0.09439,0.00109,0.00638,0.44778,0.00138,0.00040,0.00017,0.00072
0.06602,0.01939,0.00156,0.01613,0.03970,0.02352,0.01016,0.02487,0.36902,0.00764,0.00383,0.00305,0.00216,0.36767,0.00412,0.01863,0.00495,0.00270,0.00664,0.00558,0.00123,0.00144
0.23447,0.00921,0.00556,0.01095,0.01676,0.01205,0.00391,0.01421,0.00586,0.00561,0.00571,0.00254,0.00255,0.00685,0.00646,0.00769,0.01992,0.00323,0.29435,0.31969,0.01108,0.00133
0.11427,0.38468,0.01470,0.02360,0.31586,0.03155,0.00897,0.00980,0.00342,0.01849,0.01257,0.00627,0.00893,0.00910,0.01662,0.00468,0.00373,0.00824,0.00122,0.00121,0.00118,0.00090
0.25408,0.01017,0.02620,0.32631,0.00724,0.01157,0.00356,0.00660,0.00686,0.00266,0.00500,0.00135,0.00689,0.30791,0.00300,0.00194,0.00633,0.00062,0.00316,0.00410,0.00360,0.00086
0.07624,0.01129,0.00507,0.00404,0.01978,0.39210,0.01386,0.42765,0.01014,0.00929,0.00436,0.00637,0.00166,0.00780,0.00071,0.00108,0.00782,0.00018,0.00005,0.00029,0.00020,0.00001
0.02761,0.00443,0.02522,0.00747,0.00539,0.05769,0.00979,0.02052,0.01756,0.13952,0.19039,0.14242,0.00847,0.00306,0.00941,0.01047,0.00838,0.16220,0.06327,0.07705,0.00865,0.00104
0.03319,0.02351,0.01985,0.02952,0.04254,0.05789,0.04707,0.25711,0.04501,0.02142,0.05951,0.02055,0.03819,0.01450,0.03235,0.00479,0.23372,0.00758,0.00229,0.00525,0.00219,0.00196
0.03320,0.03932,0.03049,0.01049,0.03906,0.03429,0.00390,0.02731,0.00705,0.37744,0.00334,0.36174,0.00489,0.01066,0.00138,0.00184,0.00149,0.00989,0.00117,0.00026,0.00031,0.00050
0.03457,0.03550,0.32286,0.02437,0.03952,0.02851,0.00978,0.00716,0.06626,0.02447,0.00921,0.02419,0.00800,0.03357,0.00547,0.28560,0.00682,0.00264,0.01804,0.00438,0.00816,0.00095
0.09844,0.02112,0.01324,0.01512,0.00882,0.01700,0.00310,0.36768,0.00019,0.00405,0.03382,0.00277,0.00328,0.01847,0.00365,0.00462,0.35392,0.02232,0.00133,0.00388,0.00032,0.00286
0.13048,0.00814,0.00271,0.00854,0.01093,0.00558,0.05926,0.26632,0.00702,0.08699,0.00404,0.07628,0.01402,0.01259,0.00596,0.00839,0.22900,0.00228,0.00202,0.05897,0.00030,0.00019
