-3.04380,-3.48703,-7.16507,-4.82082,-4.38714,-3.46749,-13.99671,0.85161,0.39954,-2.37334,-2.59028,-2.93252,1.77877,6.80331,-3.41201,1.57810,-0.80628,-2.28597,-2.26682,-0.83550,-10.37422,0.35351,-0.09391,-3.33409,-7.18062,-1.83300,2.38283,2.84020,-1.16903,-0.57270,-0.39920,0.82946,-0.79926,11.92172,-1.19347,2.32016,1.47768,-3.54567,1.13168,-4.97447,6.55510,-18.14239,-3.11589,-7.89155,8.44305,2.23437,-4.86016,-0.97411,0.12125,-4.32689
-8.41679,12.98635,1.04064,-1.03631,12.90928,1.47235,-0.77225,-5.96760,-6.75669,-3.30158,-4.64144,1.26727,3.27387,-6.13933,2.10690,1.05961,-5.86871,2.02694,-3.47090,0.86736,1.01556,-2.96317,-0.87399,17.23387,-6.01886,5.05115,-4.41371,1.19637,-2.82030,-0.04500,-1.48646,0.40994,-4.24357,4.14817,3.53893,3.95947,3.34739,1.50449,6.67374,-3.96863,1.27373,-1.28397,0.65244,3.97767,-0.59513,-1.77712,0.80631,-9.64476,-2.03486,-3.31965
0.87126,-1.02073,-5.63820,0.46362,-4.69940,1.16743,-5.02378,1.13936,-0.69035,4.47964,2.65654,-6.64682,-6.28067,-6.07261,-8.44669,1.62509,-3.03835,-4.24805,-10.14923,-1.75749,2.19050,-3.56430,-4.10251,-1.82747,6.21313,3.65957,3.78172,-1.90611,-0.21147,3.48144,-1.36637,-2.89475,-0.88720,2.14663,0.80724,0.61609,3.15509,-1.72453,-0.52609,-3.72222,3.09927,-2.52679,1.11456,-1.41942,-5.54025,-5.95162,1.55484,0.92256,-0.35365,5.60573
-4.07349,1.05877,-2.41668,0.53795,1.74416,0.61909,-0.77475,6.64067,-11.67560,-4.42991,6.66002,-2.46982,18.45160,-5.09214,3.66871,3.47867,-3.65694,-6.02631,0.74380,-19.09704,-2.99057,6.23915,-5.45020,-2.66045,-3.84029,-0.26957,1.27995,-3.72073,-2.11283,-2.34871,-8.37259,-2.50044,-3.17608,5.71290,-0.87067,1.40250,3.08873,-2.41064,-0.25882,-1.63454,2.62009,4.67522,6.07096,-0.36457,-2.28771,0.16801,-2.55851,-4.98463,3.08616,0.29695
-1.75122,-0.35715,4.95348,-1.62431,2.31068,0.65226,-3.46138,-1.20669,-4.50520,0.69809,4.42214,-4.33341,-4.79024,1.71602,-2.54361,-0.44340,-0.06652,3.53012,-2.25282,0.17758,2.37302,1.78062,-2.28157,-0.26816,5.67079,2.93294,-2.08354,2.95616,3.28058,0.77521,-4.14119,0.68366,1.44219,-8.80250,11.86118,6.01676,0.57103,0.87787,-4.77096,-3.46566,-3.98518,2.63103,2.80757,-6.33729,0.04327,6.96204,-5.47280,-0.34826,3.25236,-2.16477
2.59118,-7.08877,-4.43092,2.71838,6.69314,4.04967,2.45975,4.52638,0.23879,-3.74793,-3.90603,-0.83646,-0.58055,4.67336,0.30498,0.07763,0.36385,0.85596,7.14212,12.33166,0.71751,-5.43284,2.36413,4.40579,0.38958,2.97477,3.06122,-0.01735,-11.54770,-1.66080,-2.10683,3.48871,1.07158,-7.28975,-3.02537,-5.77276,-3.79441,2.67996,-1.08353,-5.08473,0.80803,-2.92373,3.51669,-2.55012,1.07437,0.79949,4.17072,-5.26608,1.10523,-2.02000
-2.44713,-5.54745,2.44987,3.57063,1.77227,1.01447,-0.36887,3.11758,-4.56562,7.18705,2.34036,3.36146,-9.15204,-0.56244,-4.28165,5.12270,1.58537,2.62554,1.97887,-3.29821,-2.45877,4.62042,1.47966,-1.02916,-0.54715,2.59521,8.35977,-5.68838,1.74769,-0.75379,1.79815,-5.11595,-5.09854,-2.39183,1.35751,-5.87963,-4.30743,1.00401,-9.20611,-0.65461,-0.93449,4.59330,2.73072,5.87145,1.80561,1.58505,-4.97689,4.70262,-0.52926,-4.59644
4.92581,0.23835,2.85848,3.09043,1.64994,-0.62007,9.26929,-2.65445,1.32330,4.85454,-1.85561,1.57340,1.94350,2.15348,2.15232,5.83602,-0.64691,-19.07122,-0.31960,-0.29544,1.31791,-0.37257,2.49135,0.36797,-1.65992,5.95196,0.69985,-2.85695,0.92388,-5.47449,-0.36749,4.56890,-2.54506,-0.94087,-5.10472,-2.20469,1.38269,1.89465,0.09064,-0.17178,-4.02064,-2.82689,-9.61806,1.38620,4.25512,3.36020,0.26851,-3.27152,0.83508,0.64446
-7.99878,-0.24710,0.61481,13.20096,2.83615,4.79683,0.59657,5.90510,0.12756,-1.84586,-3.18376,1.26375,6.51958,3.77467,-1.54684,0.40738,9.48012,-0.74698,-0.20809,0.30513,1.69416,-1.24092,-0.24398,-2.29183,-1.52321,-1.69070,-0.23275,3.30711,-1.89024,1.99154,1.37074,2.32602,6.74035,-6.11819,-5.64265,7.38839,-1.35448,1.38938,1.36481,1.65229,-4.45084,-3.30421,-4.04254,-9.79425,3.69423,-0.48274,0.87475,3.26869,0.96498,2.32674
-2.01782,1.02180,-2.14320,-2.74301,-0.18796,1.48461,0.54589,3.77575,-0.28339,-0.91923,5.32755,3.92004,1.29990,-4.36108,-1.10316,1.46137,7.41225,2.93354,1.27423,4.05840,-2.77501,0.74616,1.16839,0.91040,0.92942,6.23504,8.03839,0.86802,-1.82927,-2.20365,6.15317,2.35389,-0.64753,-4.39536,1.29233,0.37962,0.14398,-1.54355,2.54568,-1.26475,0.83553,-3.77624,-7.12837,-1.10148,6.33981,-0.36695,4.91571,5.26946,12.08835,-2.44600
2.66159,1.18777,-4.81789,-0.68541,-3.73094,2.69245,-8.22912,0.73244,2.75615,-1.19775,3.84359,-3.24531,-3.58054,1.68867,-10.98588,7.93152,-4.38535,-2.55609,-2.45228,-2.64328,2.61966,-4.44290,-2.22140,4.04989,-8.30470,-3.02756,2.35234,-0.24742,-0.21270,-0.01447,-2.43287,-4.34294,3.84168,4.39908,2.09241,4.57579,-1.15783,9.03049,-7.43014,3.15867,1.01120,0.11867,2.87660,-1.62876,8.06322,0.88514,5.59566,5.74107,-1.64936,6.09063
-3.07447,0.30468,7.55956,-8.38257,-1.35657,-0.78626,-8.35012,-1.44570,-0.48012,-2.50937,4.94300,0.72795,1.63956,1.88471,4.05320,-3.35222,-2.21021,-8.06070,-1.60230,-0.18202,-1.39784,5.82235,-2.33867,-0.78566,-0.17930,3.27073,-14.47764,-5.35161,-3.55729,-3.88150,2.87103,-0.77114,-4.13779,1.75470,-1.49127,1.80583,-0.66203,-3.37563,-1.16795,0.31521,6.55958,-2.29056,-2.12830,-13.75085,-4.30092,-1.84821,-1.63839,1.56681,-2.50867,3.66906
-0.64081,0.65515,2.74105,3.99711,0.27559,-6.51940,1.76936,1.00709,-9.54302,0.51146,-0.83811,1.99270,-1.06898,2.07191,9.56145,1.59668,2.25053,14.11517,-8.09186,-0.86630,-0.82014,4.41428,-1.25034,3.05251,3.94600,6.40532,-9.47159,-2.22494,-1.70358,5.36427,3.36730,-9.16685,0.64855,1.25024,2.34845,2.99733,1.10298,-2.60784,6.00353,-1.64108,2.34522,2.68655,2.62782,2.94819,1.59798,5.88367,-3.46801,-6.43759,1.94071,-7.11516
-2.70196,-1.15708,0.57815,-3.00487,2.90136,2.97640,5.52110,-2.67828,-0.83904,-3.33356,-0.75879,-7.38634,-3.47394,2.63364,-2.73932,1.07720,3.09869,-6.04685,-1.03150,1.48435,-2.42842,-3.76677,-0.08567,-4.59270,7.27511,2.87375,0.23102,-6.03003,-6.38153,4.97414,2.12700,2.44277,-0.32844,-2.35799,-2.25852,3.55817,-0.11457,-10.00191,0.54354,-2.13549,1.01325,0.60684,8.10015,-1.53842,-1.01706,0.26821,-0.67129,3.24863,-12.42241,9.61091
3.22336,-8.41726,-2.92729,2.14789,-2.03101,3.68326,6.80314,-0.96366,-2.91850,8.16901,-0.13354,-0.96204,-2.28868,3.10031,-0.78745,-0.29016,-1.27965,4.68614,2.03692,-3.16740,3.00846,4.65557,-4.03500,13.02470,-1.46172,0.64974,-0.11720,4.89403,3.14527,7.57001,-4.36707,-1.49379,0.03887,-0.69771,-7.24789,-5.42444,3.41723,-2.07223,-2.67666,-6.18451,-0.66120,1.59318,-2.90234,1.08547,-5.79432,1.82323,-0.95232,-2.20378,1.84574,2.67734
-1.89090,-0.21681,5.66068,5.62817,-2.40085,-3.47126,-2.51513,-4.88360,17.30282,-4.43724,-0.38083,0.70761,-0.10218,1.94349,-5.50876,-2.14710,-0.22387,-1.25048,4.27666,10.09817,-1.32860,-3.81666,1.18129,-2.47694,-8.16832,1.41316,2.19319,-3.66993,-2.21771,-3.95573,-2.36429,6.29734,-4.54350,-5.89983,1.12098,2.36165,2.37119,-1.95683,0.34450,-8.60475,-0.35104,1.48537,-1.94546,0.22837,12.65234,0.23070,-10.12166,-1.76602,4.63254,-4.76600
-0.79380,-6.52877,-2.42483,0.07894,5.33574,-0.11433,1.29768,0.70461,2.07514,3.17628,-1.67385,8.91663,-2.87365,2.67437,4.49984,-2.15922,-3.07062,2.26676,7.78216,0.53307,1.61342,4.86910,-3.24016,-6.03825,0.99844,6.22526,-3.20611,-2.99286,3.65212,1.49107,-0.20043,4.59961,-0.17358,-1.93495,0.74600,9.45360,-0.50372,-1.60186,-0.65554,4.06835,0.98276,3.50960,-3.17039,-4.86052,-5.53252,-1.53528,-0.10661,-3.62515,0.50072,-4.18995
5.17191,-1.97733,-1.44297,2.60446,0.53879,0.13464,-0.98073,8.88907,3.81316,3.85095,-2.23332,3.97203,9.78001,0.27695,-3.32875,1.23417,0.11931,-16.45536,-5.12447,0.25905,1.20990,-2.55184,2.39883,-11.27872,2.11124,-2.98330,-3.13598,11.07845,-3.76838,-0.34876,0.90585,-1.46602,-0.81354,3.03328,3.74487,0.87848,-1.06269,-0.91071,-0.15152,1.25065,7.88266,-5.14652,4.96109,-8.82397,-10.80788,-2.59285,-2.77336,-3.08717,-3.02885,-2.63510
3.64780,0.64226,-10.49922,-2.04519,-3.29289,-2.34122,1.88835,-3.45130,-5.13781,-2.52667,0.39116,3.42467,0.07409,13.99405,4.65115,-1.90924,-0.38408,-1.46109,-6.25349,1.58819,-3.86625,-2.65677,3.71584,1.19145,-14.74074,2.99561,0.86553,-4.30315,2.91901,9.18849,0.23871,2.02185,4.22890,0.52321,4.36054,-1.53283,4.53139,3.83670,7.55155,1.68287,-1.61800,4.25816,1.28864,-0.94737,-16.31844,2.41140,0.52924,2.89616,-0.29889,7.25933
-0.94157,-5.55198,1.99139,-2.38923,-2.80499,-8.04530,1.85490,-0.63438,0.27175,1.51530,3.67139,4.24832,2.04351,3.97045,3.11346,0.74812,-3.36665,-2.42797,7.40041,7.45771,-5.21849,14.30041,-2.79560,2.48704,-3.92900,3.31369,3.55834,7.51931,-5.88623,-0.44274,1.70156,-3.97272,4.08506,-1.04035,2.32303,-3.27191,-0.96404,-12.07573,-2.77646,-3.06663,-1.24130,5.69575,-3.40237,-4.60189,3.10475,2.26764,0.86673,-2.42840,-5.26851,-0.91415
4.70079,-0.93494,-16.20760,1.52849,-2.82898,1.49256,3.54367,-7.04153,-0.52934,0.83586,4.21319,10.43151,0.35246,7.01610,-4.20005,1.77938,3.16625,-4.64312,-2.93097,-12.03553,-0.03378,2.19496,10.11151,-1.42763,5.58080,-0.97768,-2.88503,3.92372,-2.13512,-0.54179,1.27286,-3.95344,-1.55909,-3.18405,-0.17743,3.66138,-5.50702,4.92311,4.90013,-6.60182,6.31256,0.36609,3.46905,3.07104,-7.00827,0.76509,-2.11998,4.40102,-0.62730,4.06725
-4.90310,7.80418,2.49747,-2.36619,-1.78270,1.84432,1.26465,-0.03638,-1.39103,-2.48169,-0.01117,4.49660,0.07887,-7.80402,-4.39997,1.91075,2.88859,-6.71443,1.25174,-1.58641,0.20144,12.68070,4.86542,5.35244,-2.68937,6.01162,-3.85964,-7.20095,10.11669,-4.22385,-3.37182,4.18136,3.73833,-1.79555,2.14511,1.17659,1.39782,0.78328,-3.73268,0.02525,1.96123,0.01963,-2.74790,3.06258,6.90259,2.91293,2.32822,0.30353,-4.90804,-7.25744
-3.48597,-0.48317,-1.57515,2.92923,3.25392,-0.70229,-7.78106,-1.00222,0.78711,0.19751,-2.83466,4.46998,7.13670,-7.41262,-0.25176,3.30671,0.80945,-6.89165,-8.18349,1.31175,-3.57520,-4.43197,3.42142,1.39114,-2.17203,-1.65228,-6.02046,-3.64342,-2.60766,-2.00633,2.41403,0.42900,-0.25712,-2.95086,-1.91448,-3.47883,2.40674,5.83781,2.15219,-5.75463,-2.42058,-2.08276,1.57310,-2.95338,0.59364,-0.16625,4.74465,8.83723,-3.05054,-1.70004
3.51876,2.64761,3.42178,1.64428,1.18819,0.61152,-0.89335,-1.09178,0.44220,-5.09865,0.79189,2.34450,-3.62036,-2.17773,-2.97365,3.25406,0.78600,8.90095,4.45110,-0.63195,2.99421,-3.82236,3.97833,-3.81066,0.10326,6.29083,-4.41446,0.71664,0.34576,-10.26199,-3.21933,0.82620,-1.43280,-0.36011,-2.72773,3.87809,-3.16922,-2.27545,0.39049,-0.82861,1.51418,0.26123,6.57234,9.31535,0.53417,-2.12299,-3.86742,8.63115,2.52882,-1.23849
1.97429,-1.51710,3.68478,-2.51516,0.20290,-1.87190,-12.49390,-3.38017,0.90583,4.63890,1.89389,-2.15507,5.05838,-0.73539,6.19459,-9.29438,3.51750,-2.47795,2.38826,0.84905,1.15477,-1.68793,2.57152,-0.46635,-18.94310,0.58622,-3.20838,-8.67081,-2.61476,0.58882,10.34597,0.97640,2.22542,1.63025,2.00065,-5.01310,-4.97417,5.56529,-5.01326,4.56028,3.04564,1.32791,1.20389,2.89197,1.05359,2.96615,1.39136,-4.12885,11.91108,2.60169
-3.07729,-0.99798,-9.60564,1.28349,-2.11276,-2.95310,-9.59591,-1.84260,-4.37672,1.03918,-1.50755,0.49926,-9.54180,-0.93422,4.23232,6.49097,-1.88361,-1.81721,1.06829,-3.29214,-8.98129,-27.10942,-3.53314,1.07154,0.54092,-0.20597,1.15135,-4.54158,1.77918,1.54399,1.66693,-1.84498,-4.20032,3.20975,6.37024,1.48762,-4.68995,4.42693,2.26306,-0.71466,1.03599,-0.17265,-0.41372,-3.06913,-1.89739,0.77853,0.29778,2.65418,3.55741,16.89254
1.27670,2.49867,0.12473,-3.80675,10.99551,-0.97843,4.01389,2.29378,0.35213,-1.40357,0.74377,-2.26190,1.99808,-7.87531,3.18088,3.21821,-0.20506,0.90520,1.84029,3.63201,-3.76681,-0.08323,5.61487,-4.45132,-11.26973,0.06816,4.15646,6.60818,-2.66662,2.46317,4.12474,14.49145,1.87103,1.64201,9.17753,6.53695,-4.45118,1.34648,0.75378,2.14803,0.99570,0.41350,-1.15753,1.61884,-0.73860,2.10920,5.64622,3.88988,4.66316,-2.53542
0.61021,-0.48853,-3.69667,10.20385,2.28036,1.03413,3.95434,-1.30634,-1.59338,1.28958,-4.98587,1.39115,0.47861,-3.41793,1.77738,0.18734,-4.30713,4.60301,4.09328,0.37241,0.76410,16.57040,0.39527,-3.25493,-0.83596,2.20210,-3.01635,-2.94374,-3.60867,-1.39288,-4.41336,-1.82324,0.10555,1.18436,-3.51511,5.71315,8.60546,2.64901,10.60544,-2.63861,-5.21323,-7.08594,-3.22800,-1.27998,0.93868,1.76144,-4.88431,2.51165,4.92263,1.73616
1.28577,-3.97678,1.12001,-0.80144,-4.14009,0.93792,-1.13463,-6.64752,3.22317,-6.16249,0.16004,1.33486,-3.08008,-2.54770,-1.20387,-0.03929,2.99259,-4.89311,1.26931,1.36082,5.41499,-1.80346,1.32984,3.08112,0.82849,-2.39882,-3.24443,2.19722,2.40184,-0.50431,0.60223,-1.62430,7.44826,3.39183,1.49750,2.84615,1.08787,6.82441,0.28852,7.32121,3.96335,1.16774,2.74480,3.01531,1.64985,-6.65822,-2.12221,-7.13025,1.15027,15.41406
-3.38835,3.21700,-1.28936,2.42115,-4.27300,2.17707,6.42182,0.36402,2.00957,-1.74337,2.04145,-1.66710,5.29164,4.87935,1.41726,4.94559,-4.43317,2.44467,1.83824,5.70483,-0.09488,-1.21802,-1.77577,-2.76437,-6.84620,-0.99559,2.23025,0.99523,-0.11167,-1.05275,8.25911,-2.90532,-1.87188,-3.96569,0.82440,-4.40942,1.34705,-1.92304,-1.70876,4.28011,-2.41280,-5.69574,11.96473,-1.32399,0.56980,-0.31410,1.47415,6.97812,-12.40036,0.74870
-0.43757,-5.79363,-1.57296,1.59847,2.76310,-4.72735,11.23051,0.19409,-0.21831,2.89969,0.48141,0.40251,2.66858,-4.16496,-5.84559,-2.08461,0.61626,-2.37999,-12.05694,4.41466,-5.13384,-2.92475,-3.20045,-1.90679,-1.81763,3.36555,-6.16005,1.92055,-3.00723,-0.01944,-4.14430,3.93783,-0.42889,-1.86760,-1.54259,0.34495,-0.68683,-3.39739,-4.60582,0.37458,-0.36082,3.70417,-4.49612,-0.14108,3.94922,5.66397,11.64886,1.50881,2.56606,0.81306
-0.17579,2.69759,4.22482,2.75355,11.26394,1.55567,-5.32409,1.40627,-2.98087,-0.73920,3.67920,-0.35524,-4.68408,-0.10409,-2.23529,-3.17580,2.80905,4.74257,-8.24330,0.88962,-0.64593,-1.56332,-0.59159,-5.37885,6.61397,-0.90573,-6.39282,0.66208,-11.43360,2.65720,-1.14001,-0.19865,2.28579,-0.08955,-3.92367,-0.90668,9.40985,-2.83402,4.32200,0.70005,1.56033,7.90869,3.21155,-1.14578,-1.50416,0.12421,-4.70079,-3.95648,-2.41771,-2.82554
-0.18346,-1.38526,-1.32380,-20.68608,-1.98856,-7.30731,3.10157,-1.96488,1.14626,-4.37138,6.97811,0.21482,-2.27794,-4.99428,3.28058,-3.49257,-2.43676,1.06270,-2.74633,-3.78902,1.29157,-1.92343,-5.04676,-5.48819,-2.49749,-3.82767,-0.29267,0.46836,-3.12763,-0.51180,4.52005,-5.65341,-2.04174,0.85714,-7.37438,1.57324,1.93371,2.29701,0.14969,1.53295,5.99373,-3.08154,0.37295,-0.75600,-0.57638,-7.92546,8.15731,-2.04471,-0.90073,-4.12721
-2.67362,-0.62645,-2.50471,-8.70772,-2.90822,-1.73663,-3.42450,-3.84527,-1.89373,0.93321,10.32739,1.87922,-3.51199,1.88824,2.38448,11.50533,-0.37893,-4.22973,-0.44741,0.47443,-0.30002,-15.57893,-0.51772,-1.28427,7.38096,-4.68567,1.79958,-1.92233,-3.82271,-5.28576,0.09853,-1.27986,2.20559,-4.12733,7.58854,-7.62796,-3.39400,-1.05364,2.01511,3.06204,-4.84547,-2.24333,5.99402,-4.20050,-1.85314,4.40956,3.47857,-3.14955,0.31869,0.45472
-1.55925,-1.03740,-1.65191,3.41379,7.55430,2.78709,-0.18521,-2.16257,2.73315,-1.35168,-0.07688,-4.17878,-1.46134,8.91047,2.84877,3.04266,3.86644,-0.76461,1.15589,2.25668,-1.22029,4.79271,-5.22167,-1.37730,-2.46711,-1.77438,-1.46102,-3.30303,2.40082,3.23328,-0.52800,4.72438,6.30861,-4.45922,-1.79118,-0.74522,9.27005,-5.11027,-1.71395,-5.91293,-4.21623,-3.22627,-2.66615,3.36331,2.11178,-2.75193,-3.45847,-3.49945,2.33800,6.70791
-0.74377,-2.21065,1.79573,0.06402,-0.06858,-2.96888,4.52176,-2.44714,4.30063,-4.57285,1.61820,-0.82025,-1.91242,-3.19430,-0.44097,0.62914,0.21053,0.72743,-0.36632,0.59346,1.98369,6.09868,-1.90300,1.81014,-3.27964,1.90556,-4.79207,1.86651,0.05139,-1.34683,-3.31350,6.10990,-2.87884,-7.46117,2.01637,-0.21022,-5.91993,-4.16468,8.21492,-0.15676,-3.23534,0.29007,-2.68217,4.97908,-6.84245,-5.68298,0.42636,-0.49219,2.45337,-0.65809
-0.64297,0.63254,4.54307,-0.82331,0.86859,-0.19075,-3.25698,-6.13606,8.34301,-2.94420,-1.49281,-4.02352,-1.38437,0.56150,-4.74731,0.16732,-4.54111,0.44468,4.62373,0.14859,-2.09520,-6.93923,2.88642,0.68223,-2.34852,-0.61481,1.39305,2.81618,-3.29573,0.76942,-2.77562,2.05138,-2.29232,-3.72349,-1.15379,-7.08448,3.28639,-6.07293,-2.76990,6.49949,-5.60114,-2.80313,-5.59753,0.22350,0.85259,6.48102,-5.70453,0.96637,2.61804,6.39597
1.86735,-5.29632,6.35991,-0.80975,-1.88405,8.66369,-0.93816,-3.50766,3.04742,-3.53063,1.50713,0.12056,-4.20782,-4.30353,3.34448,-0.52295,0.77225,3.49095,4.30055,-1.93958,7.24877,-0.44460,2.50633,-0.96019,-0.28718,-6.99575,-0.66552,-6.12359,-9.40028,2.44051,1.12087,6.36543,1.22956,5.54725,-4.08758,-3.90508,1.16699,-0.06110,-1.83950,0.74738,-2.10600,1.24831,-1.97066,-2.39173,-28.95883,-2.32810,-2.04669,0.47422,4.40118,-2.45761
-3.02348,5.83472,-1.47493,-1.94992,-0.06362,-0.31295,-4.34061,-2.15182,7.68880,-0.79533,0.50392,3.60615,-1.97815,-1.89407,-5.74057,-5.37702,2.11852,0.99274,3.97607,0.50383,-2.28709,-0.82637,-4.81979,0.89102,-1.39681,5.83250,-10.03081,8.64483,1.51126,-0.63246,-4.92301,-0.67441,-0.00294,4.41826,-4.26845,-0.08206,0.11579,-1.78085,2.83388,1.72853,-2.56822,0.72708,-3.18161,-2.43395,0.57165,5.45175,12.33050,0.05020,3.06639,4.72394
-2.69780,5.02462,0.78607,4.30540,0.43851,1.58439,-2.83367,-0.61029,-3.15304,7.77833,-6.04437,-1.58696,-2.43292,10.77357,1.14247,2.66140,4.31017,-4.21042,1.50696,0.50812,0.09595,0.97206,1.64066,-2.54415,4.76778,1.05995,-6.83882,6.86870,5.08077,2.39372,-0.47173,2.04466,-1.07577,-1.30457,4.96107,0.81333,-3.25667,2.38135,1.81168,4.66483,-1.82991,-6.80645,2.99937,-0.70564,2.69795,1.92128,1.10376,2.67089,-3.44083,5.04653
4.00001,-0.93246,0.01765,-4.62822,-0.28286,-5.95588,-2.90560,-3.42798,7.05325,7.82851,5.30304,-0.36352,8.34455,-2.92323,2.25554,-3.65443,2.36970,-3.09526,1.52479,-0.51741,-9.53716,1.47603,-10.29299,-6.19120,-10.42906,-2.85447,-1.84740,1.18300,-1.44074,-3.29349,2.83584,-0.33038,4.37041,-5.17479,-0.70250,-1.53367,-0.76151,-2.08939,-0.37108,-0.50999,4.22128,0.63023,4.03360,0.50229,-5.52746,5.03209,-2.93780,4.81544,0.51430,1.74219
6.59498,1.50695,-4.56193,-3.03793,2.59943,2.60490,-0.24052,1.55651,2.62749,-2.02736,-0.60329,-3.03043,0.61471,6.13598,7.56602,4.33743,1.67198,-8.30942,-0.69772,-2.85120,0.41739,-3.92024,-3.13779,-1.27407,5.51629,-1.51646,-7.58126,-1.42604,-0.78201,-5.04419,-4.81518,2.94316,-0.55797,7.03615,-0.58227,4.68229,0.60564,-1.76083,-0.78912,1.50990,6.89698,-0.23326,-3.71443,1.54476,-1.75390,1.66974,-6.25191,-5.82403,1.56964,-0.71509
0.98604,-1.04276,4.19028,2.23955,-2.38886,7.41966,5.78094,-0.82546,6.85358,0.14645,8.27992,5.69212,-1.23815,3.37859,3.33091,5.38186,-0.78976,5.89645,4.25071,1.35552,0.37667,4.61262,-3.26504,6.65578,0.77762,-6.86225,4.75980,3.14677,1.16596,2.55764,-5.51211,0.71563,-3.99266,-0.31015,-6.19980,4.49284,2.05195,-2.58408,-0.60967,0.51874,0.77690,-3.18968,-1.91910,13.77790,4.04387,-2.25321,-0.63537,-1.16455,3.34912,-0.24223
-1.92431,-5.44078,5.15575,-2.34844,3.14514,2.22850,-0.80126,-3.31032,-0.15542,-2.61137,2.85531,-4.39625,1.66883,-5.24963,2.21473,2.67885,10.29194,-0.23579,4.96672,0.80816,0.88266,5.46742,-6.75803,-5.27668,-0.90681,0.68989,6.50070,-1.69446,-1.96746,7.57868,-1.02095,-1.05290,-5.06702,0.57849,-8.50658,-1.91625,-2.72157,-1.71270,-7.85234,1.85609,4.62376,-0.51999,1.46927,-4.00246,-2.39441,-8.88815,7.14160,0.59839,2.85796,1.01974
1.04905,0.91245,-5.97645,0.30664,-5.31370,3.08961,-1.05149,-3.98002,-12.65270,-1.68062,-5.45999,-1.54884,-3.06848,-6.33950,-8.92050,0.30563,-2.68998,-2.77358,-0.65578,-3.73661,2.24985,0.64809,-1.12140,3.70661,-2.79490,-0.27747,-0.64199,-0.05034,-0.93794,2.98052,3.41039,1.91731,-1.75355,-2.09009,-1.61132,-3.18947,8.80800,1.75408,-24.02040,2.38883,-0.72569,1.06068,-3.23365,4.66330,-7.08066,0.79697,1.38976,-5.50656,1.46061,-2.84329
2.09373,2.17614,3.46636,3.45606,2.94357,-6.35300,0.75360,2.88011,1.45564,-2.46968,-0.47208,-1.81892,-5.49091,-0.57338,-6.52522,2.26527,-0.37729,-0.28509,-1.15861,-1.59849,0.63919,24.95785,2.69430,8.34914,-1.67237,-4.60030,0.45834,-4.67356,4.27393,2.36820,0.35400,1.48802,0.89749,3.54189,1.37748,-3.60450,1.04984,2.94584,0.42292,0.38095,-3.18368,0.72159,-8.09329,-6.66142,-3.07883,0.05702,-0.66725,-6.29255,-6.44878,2.30868
5.57927,-1.77877,1.45062,5.81052,-1.86482,-0.49279,2.97568,-0.68995,4.38606,0.31209,3.79019,-1.63753,-17.09082,-3.18849,2.86822,3.27318,-1.56006,1.66142,-0.35968,-5.97073,-0.00942,2.58343,-2.91295,1.11324,-0.65108,60.46152,0.37929,-1.90369,0.93105,-11.35395,-0.17025,-1.73299,3.87866,-1.76922,2.38730,1.54175,-4.78139,0.26559,2.69475,0.39025,0.11741,-1.81707,-1.85238,-0.19748,0.60332,4.66187,-2.54167,1.32819,-0.25268,-0.23785
-2.58026,-0.37406,-3.50157,-4.32767,0.84124,3.99328,-2.05067,-2.75281,-0.21960,0.10351,5.50637,12.23854,0.29768,-8.82753,-5.40964,-0.92325,-3.23519,0.67201,0.44877,0.33201,-2.73972,-1.25580,-1.18118,2.33377,-1.79602,1.56680,0.28366,-7.43029,2.75158,11.50518,2.91988,0.18830,1.07612,-0.93373,-7.07645,0.34547,-3.80809,-0.93383,-2.87197,0.41172,-2.44050,8.24829,2.08245,4.51100,9.94550,5.06553,0.42678,2.99549,-2.60844,-0.44775
-0.93085,-0.66231,1.91695,-2.33353,-7.19069,1.21195,2.70299,-3.61782,-5.22626,-0.86564,1.93438,0.52407,-4.25741,-4.90082,2.68739,-2.07718,-0.07677,1.52288,1.61280,-0.73384,-0.58488,4.22960,-2.36664,0.56069,-1.87872,-3.10079,8.21993,2.02126,2.71099,2.89451,0.06313,1.30281,-1.96686,-5.26807,-0.19838,0.08044,-4.40651,-0.35676,0.16911,0.82179,-4.26759,3.46128,-6.42174,3.82934,-3.91495,-4.20078,-3.49448,3.91868,-3.52267,-1.79085
0.59023,4.02717,0.87528,-3.37254,3.14863,3.76697,-0.05330,-3.12335,3.31711,6.86237,3.79363,1.22412,-1.28721,-0.30490,-9.87315,-10.96807,-0.62208,-0.72948,1.04580,0.81936,-0.19442,-2.46188,2.07737,-6.00148,-1.51303,-6.46472,1.48006,0.43416,3.22554,-1.64673,1.17910,-2.31537,8.69576,1.00679,-4.07539,12.10375,-1.85318,-3.58489,0.51292,6.38844,-3.52612,5.11474,-0.33305,-2.24556,-0.47884,4.62104,-2.19946,-3.97451,-0.81176,1.43576
-8.05231,4.09485,-1.01364,-0.83542,-0.18549,12.45586,-1.69718,-4.23636,3.11859,-2.54220,3.37403,2.55526,0.00923,5.04195,-2.19961,6.46542,2.44684,0.49037,-2.78214,0.03695,3.56657,-1.39047,-4.84661,2.05031,2.66171,-8.20682,-2.10379,-1.03240,-11.22588,-4.07765,6.64285,-0.26798,0.80434,-4.15608,0.06593,3.76862,1.04237,2.20573,1.59147,2.91614,3.10715,0.87734,-0.85560,-1.74452,-4.00116,9.01650,-1.74423,-5.21928,-5.97252,10.48989
-8.45926,-3.38231,-5.27426,-1.25407,-2.28059,-0.65670,-2.82689,3.82445,-2.26996,-2.82576,-1.39027,4.02205,-0.58546,-6.28583,0.80444,-2.34529,-2.43158,0.65792,-2.81301,1.39331,2.19292,2.41210,-4.04135,-0.35376,-6.51967,-3.32308,0.70018,3.81347,-7.72673,-3.44448,0.08180,11.50612,1.26026,0.52056,2.78958,-5.19441,5.11521,-10.14070,-4.49053,0.54440,2.39033,5.56648,-0.42257,11.96558,0.53507,-0.09491,1.49087,1.67180,0.32374,-1.74605
-2.39941,10.32807,-3.73941,-2.50473,-3.37383,0.42053,6.17849,-3.69406,2.20715,0.18645,14.26625,3.49222,-1.48137,-11.78038,-1.87491,0.77912,-2.77713,-0.76957,-0.64101,-0.18792,1.68242,-0.19119,-7.95570,-4.85820,-1.30897,-3.38952,-1.41990,-0.31132,1.07284,-3.89385,-2.68700,-9.73946,3.47276,1.65694,-4.65951,1.43830,-14.59312,-1.19662,-5.02798,-0.76431,1.33255,1.72913,2.89414,-7.83539,-4.36507,1.62550,-0.00708,5.49712,-5.16445,-1.75680
7.41240,2.89481,-4.34307,9.96267,0.18851,-3.81113,-1.83108,5.64205,-1.29441,7.84259,2.72352,-1.30499,0.35664,0.20956,-0.45098,-2.21394,-11.13263,2.02728,4.15883,0.21319,-1.31874,-3.53447,-8.77362,-4.42554,1.53843,-5.91203,-6.06123,0.87066,-0.27262,1.77756,-5.37985,5.84584,-2.76664,1.04931,-1.87037,0.64285,-2.08442,-0.31905,-1.63426,2.74760,2.18122,5.97434,1.69916,-2.64515,3.60119,-0.55900,20.12413,0.73599,1.95328,1.53788
-1.09968,-10.36497,1.16377,1.77502,-0.07311,-1.06214,0.91888,-3.70102,1.04827,2.56978,1.82210,-5.21798,1.30445,3.51506,1.38432,5.03388,0.73521,2.17127,2.04123,-1.91149,-3.23694,-2.54358,4.62437,-3.13929,1.89651,-2.32571,1.72892,4.22914,2.18646,-3.67853,-1.72148,-1.77440,-0.82063,-1.99548,2.19694,0.28567,-0.37946,-4.27189,2.42990,1.85245,-1.62010,-0.58356,9.41059,-0.33436,-5.10347,-6.71508,-2.72136,-4.48948,3.09587,0.27658
-0.70106,-2.67290,0.43882,-5.12951,1.73408,-1.91893,4.20369,5.75554,-3.70861,-1.01964,3.74720,-2.69252,-4.47108,-2.83061,0.01477,0.32690,3.71410,-0.38705,-1.89465,2.08755,2.41417,6.48067,0.18934,-4.97027,-3.34215,-4.09655,2.06287,2.27141,1.13481,1.53867,1.35877,-3.27120,-6.92374,7.07312,1.46723,-5.46404,-1.90757,-5.36168,-2.93571,-0.24440,3.69193,-2.57972,-3.48852,1.05702,0.25386,1.25405,-1.47473,0.22747,-5.16784,-1.31884
6.19829,0.97816,-4.60074,2.50550,3.19437,-0.42665,1.57096,-8.28342,4.82281,1.88565,-2.82655,4.50612,-3.36366,4.50001,3.94767,-1.27105,-3.41309,-3.47899,0.61146,-0.46779,-0.57030,6.29440,0.04792,-2.51197,-0.18741,6.80574,0.53177,-0.99770,1.45222,-10.89787,0.96191,3.92970,-6.70035,-3.97704,-0.38530,-4.17890,-1.44643,2.33545,0.44985,-3.65186,-0.13731,1.99865,-1.15750,0.38477,1.73587,0.22550,-3.15543,1.91620,-3.26453,-0.21362
-1.92700,9.72690,-3.22986,-3.51920,0.16080,-1.55490,3.14667,-0.64663,-5.53332,0.41870,-3.65211,-5.77797,2.48687,-2.68660,1.39195,0.55315,-1.14254,-2.90016,-0.59012,4.28458,0.98477,-2.43613,-3.56045,3.56690,3.54470,-4.01833,0.49473,3.03889,-7.47306,-3.96910,-3.15647,-1.52257,-2.55345,4.21810,-0.63125,6.09780,0.93371,1.73450,-0.60429,1.66626,1.79409,8.95872,5.79654,-3.07804,-1.08962,2.99253,4.97892,-0.13126,0.11282,3.56119
-0.82807,0.51106,-3.46715,0.19088,1.36631,-1.80868,0.83992,0.13157,0.26018,-2.63428,-1.07146,1.03929,1.67186,-7.03047,1.46599,2.02797,2.58542,-7.71010,-1.48559,9.79204,0.31704,-3.77548,0.41210,-0.92388,-0.18529,-0.98408,-2.20851,-2.24395,3.32780,-3.31506,-0.21575,2.59693,0.43302,-19.41399,2.09572,-0.90047,9.54834,-1.25217,8.97812,9.17100,0.60146,0.41479,-6.31137,3.15051,-0.83916,-4.68052,-5.01362,7.80653,5.26643,2.83739
4.74058,-3.01004,10.89201,0.27157,-3.45303,0.15660,-0.93627,0.32430,3.58809,-0.93715,0.76263,-7.72424,0.23707,10.07650,-2.87583,0.10921,-0.59470,-3.54156,-0.55876,5.38208,-1.64999,4.93329,5.55395,-3.02021,8.24022,0.28046,2.73439,1.73752,-11.01501,-0.17006,0.92836,-1.31090,2.44455,-2.73266,1.57671,1.53032,-0.41438,0.53010,-7.47727,-1.74236,1.82572,2.55904,7.40455,1.46019,-10.00148,-1.94533,-1.96007,-2.03876,-0.21670,2.94830
0.83975,-0.23530,3.98674,2.03688,0.71160,-1.26538,-0.36676,-1.81803,-10.77404,4.36464,-1.14390,-1.53448,4.22328,1.16694,-9.05047,-0.14339,9.44861,-0.31311,0.94618,1.22673,-0.96480,-0.43174,-0.35893,2.94024,-2.06501,6.17038,2.90374,-5.13712,-1.47445,3.51752,-3.25491,-6.80923,-0.65774,-1.79261,3.67676,0.22364,2.66428,0.63665,-0.18833,1.90561,-2.79125,-3.23970,0.70088,-7.59890,-1.21038,0.04478,0.33221,-2.41262,1.04333,-3.26168
-3.18140,1.26007,-4.07432,-0.45220,-3.45425,-1.38768,-1.37165,-3.07103,-3.93501,0.12948,2.86334,1.10365,-2.66447,-4.73646,9.83374,-1.26694,-2.79303,-5.29131,-2.07817,-2.11339,9.30621,-3.17825,-0.01847,-1.69724,-9.66110,3.91591,-2.81564,-2.73872,12.23636,6.32383,-3.95022,9.72551,0.91284,0.45911,6.43124,5.19536,3.46090,4.55468,-0.87054,14.01409,-4.31293,-0.52170,0.16655,-2.60169,-2.80065,2.10232,-1.16912,-3.32071,9.66050,4.30499
-1.43770,0.32146,-1.18553,-9.50676,-1.52078,1.18447,0.75790,-0.00092,-0.15962,1.06748,-4.50763,-0.11080,4.95137,-1.57060,-1.14254,-2.28710,8.49805,3.31037,1.42676,4.33932,6.06065,3.24850,0.23769,4.56925,1.47557,-3.75428,0.98571,2.13556,3.94716,-5.07143,-1.60402,2.94208,-2.59409,1.82231,2.25875,-0.35243,-3.62182,-4.34985,-2.82187,-0.87939,2.18362,1.75656,6.09902,-0.52964,5.67774,-2.86277,-3.99569,3.24033,-7.99987,5.03744
1.16615,9.33757,-0.94805,-2.87265,2.20411,-0.54892,2.74125,7.47283,2.06302,-1.31090,-1.35666,0.67569,-2.12206,0.33309,0.75282,-1.22794,-1.03796,2.51610,-3.31254,-0.20518,-3.28066,3.85717,-3.97173,-0.60545,0.55516,-0.70153,3.51526,-1.88669,-2.62055,5.00274,2.50981,2.77211,2.67545,5.36960,8.29372,-0.26778,3.16952,-1.12230,-4.65759,1.09202,-1.73437,-4.45917,8.20205,-2.34238,-0.78150,2.31275,0.58038,2.01059,-2.17922,8.67107
-4.13202,10.28490,1.55072,-0.50605,1.82616,-0.29386,0.76890,0.20055,6.12022,2.21256,-0.96597,-2.53525,-1.59674,-0.65495,-4.83731,-1.60126,-6.72528,-1.28597,-3.26751,-1.19321,-4.11648,-0.34138,4.75355,2.17684,0.28907,-1.86960,-0.19131,0.15749,-1.84292,-2.24714,0.04976,-0.55964,-0.64562,0.32311,0.83438,4.13862,-4.11780,-0.40243,2.46568,6.14613,-10.76466,-1.13014,-5.48186,0.94834,-0.74782,1.06278,8.85985,1.96364,1.81103,-0.68648
-5.99289,-0.52314,-2.80882,-1.86944,5.10027,5.29471,-2.41604,1.11311,-7.12098,-8.94805,-2.18345,-0.59809,2.83147,0.33916,-18.33881,8.95836,3.00536,8.29046,-0.42535,6.96769,-2.14299,3.74633,-7.11662,2.65528,0.90216,5.66084,-4.16877,16.63003,-2.29410,0.04150,2.65475,1.41533,-3.76829,3.29842,-1.14802,-8.76699,-0.70117,-2.78911,-3.03890,2.31889,-2.35257,0.49278,-5.59012,-0.07465,1.31895,5.63589,-0.68715,-1.38835,-1.66326,-3.22060
-16.13908,-1.83550,-1.58134,-0.83173,2.40240,0.39502,0.59045,1.86004,2.26796,-0.30810,-0.53759,-0.80088,-0.86962,-0.15429,5.98518,7.12427,-4.32413,3.39534,2.00837,-1.63039,-8.60327,-2.37467,3.15215,1.80076,-14.79630,2.62664,4.02853,-2.03070,-1.20592,0.52233,5.81169,2.18472,16.40420,0.25057,0.95993,-0.61108,-2.86134,-2.60518,-6.16110,-1.05153,-0.71685,9.19553,-1.60856,3.87155,1.99907,0.42819,0.79719,-1.68305,-0.46067,-9.74158
2.83944,1.69690,1.16666,-0.85184,-3.03056,3.00556,-2.00846,-0.28386,2.16055,-4.96663,-1.22970,-0.16519,-3.38349,-0.46974,6.61374,-1.12646,2.43858,3.21756,-2.65014,3.62256,-0.95454,0.71456,2.01102,4.11265,-5.40019,-0.93889,3.49421,2.01656,1.91668,-6.51038,3.60103,-4.45491,1.93523,3.18421,-9.00804,2.78546,4.57599,1.35163,2.61969,-2.26761,1.76094,0.19839,-1.83335,0.62790,4.78567,-1.30174,0.63055,-5.02391,-0.16189,-0.78007
-12.84855,0.50291,-3.27128,4.18692,-3.04401,-2.50038,6.17100,4.61043,2.85306,-4.37608,2.23075,-1.90873,-6.50344,2.80369,-2.06035,3.12645,-2.65944,1.79203,1.25563,-1.90290,-5.84996,0.25550,-5.61460,-1.34819,1.10355,-5.66495,1.32491,4.13865,2.11364,3.86013,8.04896,1.57168,-2.17771,3.53927,1.04813,-1.83179,-1.86328,-1.17729,-1.64771,-4.16393,-5.34459,-3.70496,-2.70122,0.66930,0.64266,0.62416,-6.25291,-6.98971,1.49586,4.80189
0.65811,-1.71545,-0.43096,-0.16825,-2.81647,5.05442,2.54714,-0.25251,5.24734,-0.58297,-2.44272,0.27158,2.65221,5.56555,-2.57248,-7.44413,-1.40723,4.07387,1.14296,2.05058,-2.42701,-1.23199,1.94136,-0.72900,-3.75671,-2.18323,1.08705,1.15912,0.78306,-1.05088,-1.79492,7.16745,4.00412,0.41322,-1.71905,4.51736,-1.97871,-4.71154,4.10090,-3.72785,-1.03911,2.54697,-0.34461,-1.16896,1.68602,0.86139,7.13425,1.99201,6.94167,-3.41211
-1.05767,0.66702,-12.59754,0.05909,-7.35931,11.46656,3.25343,-6.73391,2.38910,1.03646,1.30794,1.42888,2.23471,2.56467,-2.82163,-5.96881,7.46815,1.92380,-0.41011,-1.78514,2.29048,0.36622,-1.63537,-7.48670,3.80345,2.50947,0.16600,-4.31590,-1.87861,-0.29835,-1.23482,0.38648,1.52817,6.22624,-3.20150,-2.34717,1.07864,-7.72588,-2.63409,-1.77620,7.32300,-5.59255,-0.01309,15.62328,-1.74718,0.20694,5.88512,-0.62732,-0.50866,3.24338
6.97127,-0.34263,3.20075,2.95775,6.74591,-1.56332,7.58785,8.63475,-8.19847,6.99582,4.65874,2.03508,-2.50649,5.02216,-3.89635,2.28615,1.60685,10.78188,0.54388,10.78205,-2.64595,2.17815,1.36687,-4.44553,-2.22331,2.70014,4.02945,0.64160,0.08872,5.73746,-11.27379,-3.55659,7.74747,3.68031,2.60659,-0.24121,2.62330,4.62046,9.17086,0.19424,1.26941,-2.64283,-3.51171,-2.48938,-2.63140,5.23408,2.48344,3.12862,2.20070,-0.64462
1.06713,-2.86003,-5.17791,-7.32337,-1.73208,-0.26092,0.17844,3.13628,4.99550,1.97763,2.54960,-0.76610,0.94913,-1.93999,-2.73052,-2.27722,0.54097,-13.28676,0.81587,-0.89559,3.52804,-2.30455,-2.78734,9.12085,1.65728,-4.43376,-7.51999,-4.85482,-3.13172,0.78763,-0.34624,-1.76142,2.55750,0.13940,-3.76328,2.76346,13.94124,7.18178,1.78310,-6.09675,4.30235,-5.41527,-4.79314,-0.96772,6.69092,-3.83254,1.65982,-0.65343,3.59578,2.57251
8.54463,-2.51864,5.03873,0.06727,2.57001,0.61441,2.80340,-0.93289,-0.43644,-3.41515,0.55054,-5.02496,0.45494,-0.17810,-1.37736,5.52372,-1.08143,1.41464,2.05993,0.15966,-8.54042,-0.20914,7.53905,3.69485,1.02989,3.82688,0.01515,3.67508,3.43726,1.70173,-0.41525,3.80333,1.22627,1.56670,0.10664,3.04455,-1.71081,-5.11907,-0.94012,-3.22302,0.34812,-4.22090,-1.53677,-4.43383,3.24184,3.51190,-1.36355,-2.75231,-5.30405,7.93182
2.78296,0.27926,-1.86990,-1.07751,-3.51104,-1.80686,-4.87401,0.58940,0.88590,-1.88001,1.58592,-2.03625,-0.94569,-2.11208,-1.08883,-1.88503,4.17744,3.41407,8.43816,0.56217,1.97293,3.35592,-4.81178,3.11064,1.34721,4.07008,-13.69770,-0.67791,-4.63485,-3.15875,-2.10888,0.96256,0.78477,5.12180,-5.85769,1.31193,-1.09426,1.09263,-1.29474,1.77093,3.64647,-2.96683,0.88685,2.19383,0.33920,3.81406,-2.12574,-2.33346,-2.30151,-1.48174
-4.66037,-4.70845,-3.09590,-4.29121,1.58763,-0.70152,0.72423,2.04550,-0.05291,-1.76176,-0.87421,0.93504,2.15583,0.36663,4.37529,0.08651,-1.85399,3.48575,2.56188,8.07086,4.55284,-0.84899,-0.49901,5.57722,1.41645,-1.44395,4.58151,-3.43684,2.19489,-1.13814,-1.43672,-0.78566,0.63791,0.14935,-4.11373,2.30065,-2.36533,6.27411,-0.88993,-4.15606,-2.07880,2.23460,-1.42887,-6.86612,10.88719,-2.12692,1.56803,3.69979,-5.09017,-0.37420
5.65976,-2.04420,12.92629,-0.01985,-0.18018,-2.69962,-1.52121,-2.22068,-10.89419,-6.90849,5.65452,-0.88300,-5.52608,3.68940,-3.35725,0.42548,-6.52167,-0.23721,-0.13065,2.20289,11.96373,-0.51722,-3.57180,1.62002,-0.45459,2.05778,-1.26892,3.37118,-4.92782,0.41651,0.64092,1.42140,-1.69141,3.02510,-3.32022,7.66674,-6.40350,-2.77189,-0.89348,-3.65181,-0.23748,-1.90178,-1.49548,-0.09762,-2.79156,4.36644,-4.35436,-6.61593,-0.60157,-3.88043
6.37934,-1.40341,-1.41327,-3.68013,-4.05388,2.83917,-7.51456,-0.49661,2.18823,2.30615,-0.29523,2.27001,1.66142,3.61464,0.38724,2.65947,-13.82250,2.29364,28.30523,3.59498,2.53553,2.14065,0.24580,-12.38998,0.67304,-8.33133,0.06191,0.86732,-2.10574,-1.65595,-0.37074,2.23862,0.79838,-2.27691,0.13297,6.39350,-2.34316,3.94990,-8.81405,4.44700,-1.57550,7.23818,-1.16038,-3.28874,4.40416,2.66288,-5.99297,7.60804,1.13776,-2.23004
0.60089,0.31053,-4.66463,0.79517,-1.61400,3.64502,-2.55421,0.39895,-3.03727,3.18173,1.97223,-2.18028,8.26700,0.25583,10.50124,5.59615,1.82177,-1.37628,-4.79348,3.07606,-3.21567,1.83686,1.63909,0.26583,-2.61883,-0.79178,0.35469,-0.61566,-2.61495,2.45601,-0.04566,6.38209,-8.21866,-3.52898,-1.11109,0.96388,-0.62500,-1.58256,3.73363,9.93550,-1.39330,2.85280,0.80248,-5.23313,5.58891,0.27309,2.30269,-2.94774,8.27227,2.00743
-0.72758,-0.98222,-0.01029,2.00943,1.03602,2.88852,-1.71585,5.44863,4.45514,2.15378,7.37852,0.57841,-0.85472,-5.09037,-4.62418,-3.93965,-0.41097,1.79050,2.15461,1.77483,-2.79520,-1.96477,1.92392,2.06736,-3.90945,3.11394,0.99653,2.31833,-0.77791,-1.63662,-1.29496,0.01615,1.91993,1.83844,-3.28546,-1.60433,-1.32539,1.00212,5.81891,-3.77767,2.48922,1.42588,6.31704,-1.34799,4.87297,-1.73646,2.63112,1.45603,-1.65990,1.60217
-1.89255,6.41027,-6.81259,18.05523,0.49730,-1.40028,-3.28093,-1.56185,0.30152,3.50456,4.24598,1.90877,-9.73053,-3.27465,-0.28420,-0.93820,-1.38429,-0.06140,2.47522,-2.70337,1.41541,-2.25661,0.78591,-3.82460,-2.68792,1.45545,-4.93973,-1.77065,-2.64072,2.30726,5.64570,5.59238,-0.16997,0.61330,2.79079,4.77819,-6.29928,1.92047,-10.31813,4.04885,-6.98824,-1.66275,-4.60046,0.85256,-0.51286,4.78594,2.56477,-2.04640,-1.41939,-2.46426
4.69570,-2.92719,2.64330,2.00466,0.55186,-0.37911,4.95215,-1.72093,0.04767,1.64722,-3.69762,-0.49488,10.33691,-1.26512,3.29046,1.57880,-3.99396,3.77645,0.97108,-1.03828,-0.18958,-0.95254,-5.21977,2.12948,-2.38700,-1.40568,-3.40713,5.13276,5.15039,3.07275,-2.27418,4.62560,-1.41653,-1.28767,0.57694,-0.57458,2.35022,6.01075,5.04085,4.07204,3.56933,-7.13187,-2.22916,1.42022,6.50245,2.71390,-0.94446,-0.37104,4.56691,1.82741
-1.28771,1.30636,7.37045,11.20646,3.44486,0.03554,-0.55919,5.30168,6.94136,2.65114,1.68988,-3.55649,3.63192,-15.37162,12.04398,0.73085,-1.01747,-1.48348,-3.70589,8.40690,0.36679,1.70219,2.37833,-0.71892,7.34334,-3.89633,3.13827,-9.18420,2.14708,2.31951,3.93026,-4.73408,-5.48206,0.39625,4.43999,-0.92547,2.87321,-6.72728,-3.55578,-0.04943,0.48665,1.82342,4.96616,3.27682,-2.70910,2.49022,-5.98723,2.06821,-4.80394,-1.84719
-0.77751,0.85982,-4.89070,-0.51172,-0.92015,-3.36509,-2.49864,-2.12652,-6.06154,-2.43352,0.05927,-3.36364,-1.42292,4.23341,1.51189,-1.86492,-4.18576,2.29020,-11.58927,0.91507,4.56824,-2.30407,-3.14535,2.81888,-0.77433,0.30134,2.20325,2.89131,4.26025,-2.45592,-4.22484,1.15385,-2.81695,-5.32731,0.20851,0.71262,-9.49099,-3.49305,5.64487,6.85084,-2.14637,2.50390,1.32125,-1.14560,2.94413,-2.55461,1.38302,1.04339,3.50625,3.17340
-0.07705,6.80395,-1.27341,1.16094,-3.27865,-0.68191,4.53936,3.10972,1.29962,-7.74751,-2.65352,-3.25867,-2.18546,3.20854,9.44488,-2.74311,-2.09106,-14.70972,-2.75755,-1.65711,-0.32003,-3.36954,-2.57862,-5.99716,-0.98425,-1.85867,-1.33785,-0.50961,-2.29306,0.77466,-0.92325,3.23318,-2.08058,-2.81015,0.07014,-1.16299,-1.15337,-2.09341,-0.42041,6.43913,-2.27893,0.24209,2.43825,0.11298,-0.91927,3.69502,1.39320,-0.09804,-4.97975,-2.59106
1.69666,4.64641,-4.26934,-5.38174,3.25086,-10.78192,-3.05204,14.52733,5.60537,3.86011,-0.62823,-1.98162,1.69434,5.76122,0.08165,-0.35119,1.65093,2.94605,4.63562,-0.20918,0.78679,1.22078,4.14756,1.43330,-1.41291,-2.93814,8.29504,-1.05874,1.70348,3.85725,-0.85766,-4.55643,-4.05280,1.51427,1.45212,2.05295,2.49198,-0.65439,0.63537,-1.34167,4.28551,5.32650,-4.61240,0.99366,1.91834,-0.34793,-0.77363,-0.20264,4.05792,-1.48113
-5.65939,-0.26652,1.56682,0.81558,-3.85662,0.47428,1.62997,-4.75577,1.11268,3.95696,-2.28130,-1.34500,-1.81025,-0.24130,0.37886,-3.31273,2.84884,1.70029,-10.25002,-0.80549,-0.75091,-2.81085,-1.09498,1.70438,3.16541,-0.26311,14.48894,3.73441,3.95347,-5.80989,-6.84958,-9.39845,0.27344,0.16865,-3.42165,-0.32951,8.98882,-4.24854,-9.04934,-21.49101,9.17699,-0.43386,1.28262,2.51270,-3.42373,2.23096,1.05650,-0.86577,6.25893,4.33887
-3.10760,-6.60711,-3.91206,1.66092,-1.06839,2.46867,-11.55460,-4.24101,-1.36442,-1.74383,-4.37298,-4.00475,-0.21394,1.07697,2.99968,1.70548,-6.26023,-2.79602,2.75548,11.75791,-6.45609,-0.32362,14.31967,-2.16146,7.89511,-1.31189,3.40019,-6.88961,-0.08171,3.77805,2.02999,8.29178,-5.57221,-5.83442,-13.41742,-0.91959,4.87645,4.81526,0.45046,-1.56134,-4.65796,-3.72053,-7.79634,-0.26968,-1.66089,-7.92722,-2.94847,-2.14791,0.91493,0.60129
-7.13805,0.25272,1.66110,-6.35195,-2.95187,-6.28440,1.06775,-2.04611,1.26901,-2.74159,-5.88951,3.79348,-2.68472,6.84133,0.72840,1.15428,5.41038,-1.35091,-4.14654,-1.17442,4.90444,1.56593,-4.99786,5.73346,0.49164,0.70717,-0.43242,2.13598,-2.26892,4.50646,-1.10821,-3.42209,2.30277,-1.34491,-6.91147,-6.24161,-0.58319,3.55995,5.03278,-19.63162,1.09236,1.08364,0.64400,-4.22217,-4.94886,-0.91182,-0.99699,2.93025,0.73618,-4.03979
0.67437,0.30192,2.02047,-0.24570,4.34906,-8.60410,-2.58458,-4.14091,-3.79697,0.97832,-16.36192,2.33745,8.88210,7.82196,6.84230,-2.19224,-3.73759,-1.19719,-3.33167,5.58721,-1.26954,-0.72292,-6.59450,-2.97924,0.19473,13.59676,-17.11848,-0.34922,5.69712,-11.56988,-4.74788,-0.10990,-0.50541,-1.26715,0.08460,1.94477,2.64472,-6.03348,-6.00657,0.61566,-0.99503,2.94754,-0.23279,3.43375,8.75970,4.11818,-1.01155,-5.54650,3.60426,4.28234
0.12974,-0.54476,-5.66015,-2.40044,1.57323,-3.11209,6.76459,-0.92045,1.93971,-1.35392,-2.06033,-2.34588,-3.32902,-3.18521,-1.17374,0.94212,-5.56394,-7.72098,1.71843,-0.83783,-7.77457,1.20436,-1.72173,0.75788,0.87960,0.24599,-2.49431,-0.33918,2.88468,-5.06425,3.00444,3.26083,-5.52641,4.06966,2.53963,-1.70452,0.18065,1.54477,1.34413,-1.11043,2.91242,1.78416,0.66160,-0.52725,0.43996,0.50333,3.28444,1.49547,-1.30701,0.58467
0.96123,0.97957,-1.69007,-1.94591,-7.55086,10.47820,-5.20727,0.00372,6.97496,3.00882,12.12426,-2.95706,-3.88451,2.39478,-5.77265,0.44030,-2.25641,-6.50084,1.06348,-9.77365,3.44815,1.03257,2.57926,-4.58726,0.66411,-3.92058,5.87171,5.61017,6.88807,0.76822,2.90340,0.14328,-2.38464,4.79823,5.61001,2.39496,-2.38221,0.29939,-0.65803,-0.62797,3.24720,-7.53229,7.12889,2.90571,-1.39661,2.88544,1.91776,-1.91841,2.32201,-3.07763
-2.53328,0.87801,-0.39293,-0.35377,4.24641,-6.66555,1.88629,-2.71711,2.20848,10.88830,-2.15868,-0.34131,3.94136,-0.99522,12.94826,3.13013,2.53387,-1.99897,3.67542,5.04389,3.27619,16.52482,1.29532,-1.84096,0.33488,1.05097,0.86987,-1.76295,-5.33303,0.90468,0.58918,2.56946,-0.71034,2.18746,3.51131,-0.14530,-0.44921,-5.03807,1.78696,-6.15800,-3.78155,-1.08912,-6.82047,1.29651,-4.27260,2.45401,1.28520,-0.29868,-4.55752,-0.38419
0.14678,1.51891,-2.68551,-7.36103,-3.84007,2.34782,-4.40228,4.33000,0.34540,-1.76336,0.41896,-6.09748,0.11360,0.39387,0.72670,4.87569,5.32373,-0.27116,2.20812,-4.95634,1.61562,-5.15772,10.75301,-1.61234,-2.99846,-2.31268,-2.43414,0.56448,0.12770,0.79808,2.24589,0.98252,-7.47227,-2.89014,0.35201,8.54532,0.43861,-7.54522,3.94747,-3.01003,2.16432,1.99384,0.14875,2.24299,5.21678,-1.76000,3.33350,-2.71705,-6.49351,0.75806
4.25002,0.23961,2.92871,-1.20257,3.92556,-1.19434,0.81793,2.36144,0.66193,-1.85965,0.56481,0.74207,-7.42936,-4.39110,5.04802,4.64826,4.96596,-11.50742,3.03275,-2.41598,10.19084,2.29948,1.42655,10.41742,10.19471,1.27328,-1.14130,1.56882,-4.67417,0.69767,3.40086,2.98702,-0.97578,1.81204,-3.11946,3.60265,-0.30332,1.85829,-0.09151,10.11772,11.32395,-0.29315,-1.46860,3.12447,-0.98908,0.38537,-5.93465,0.59113,-3.68274,-2.35591
-4.68219,0.60782,6.06671,-0.17819,5.18061,-3.39243,1.51448,1.67517,2.37553,2.11724,-2.43231,-3.67657,1.47679,-1.66821,1.07476,0.36359,-0.24663,-4.10733,1.43784,16.49707,1.17433,-10.31137,-11.37609,-6.83582,-1.80405,-2.00690,-3.02266,0.50604,1.53312,4.41061,-0.27161,0.11843,1.66801,1.97955,6.50381,2.62700,2.80264,-1.93848,-0.51894,-0.09070,4.88173,-2.98552,5.69177,2.84154,-3.93769,-0.64655,-0.12620,1.08808,-2.35439,-3.51524
-3.15608,1.42203,-0.08921,-0.05094,0.41911,4.05851,-2.62890,1.32805,-7.27271,1.91736,-1.89588,2.79807,2.61575,0.32345,-5.33071,-9.16062,0.84387,6.73365,-1.68609,7.68322,3.29307,2.67524,2.99442,8.24188,-1.79601,0.00495,4.97511,-4.48970,9.76318,-0.61078,-6.01200,-2.23342,-0.52996,0.04671,-4.42943,-1.73079,-1.24194,-4.55076,1.49846,1.41457,-23.32383,-4.15345,1.50801,3.92865,6.69658,2.53661,1.81917,-3.82084,-4.85270,-1.05536
-1.56563,-1.48619,-5.39801,2.37994,0.44629,6.17692,-5.62305,-5.36333,2.73706,8.26443,-0.08976,-4.64817,-6.43109,2.23493,-2.07905,-1.82342,0.73497,-0.77005,-0.12673,-2.67311,4.04611,1.92420,-4.87666,11.84356,-3.86043,4.42926,5.11092,-2.75613,0.22122,2.69549,1.92552,-3.35417,12.05830,1.38856,2.80092,-0.82228,-0.22904,-1.50435,3.84790,1.97812,4.48585,-0.30805,-8.20774,0.44065,-3.99781,0.05340,-4.97330,5.43498,3.62359,0.36486
-1.33958,1.04348,0.31363,4.12033,-0.65250,1.94535,-3.17493,-2.35339,-4.49736,-0.46461,3.09087,-1.48629,-2.32452,6.23258,1.95360,-0.06918,-0.05102,-5.46716,-2.00817,7.02097,-1.13289,8.09935,3.47283,-1.95777,8.28381,-0.74778,-0.18126,-6.07805,-6.67248,2.47650,-5.36575,0.96792,-0.52948,0.38626,0.09709,4.05330,8.96406,6.70304,0.73013,2.44896,7.96871,3.49917,4.83966,3.46829,-2.48044,-5.23342,1.58005,1.92499,-4.23325,-0.76166
-0.18259,-1.38284,5.49320,-1.73887,-0.52373,-0.52975,-5.85533,1.88907,-7.07644,3.00164,-1.47722,-5.70536,-3.88453,15.51063,-1.59684,2.35880,-0.88667,6.44440,3.55054,-1.08861,12.85629,6.59317,2.17917,-1.60999,-2.14288,-1.69578,-2.15928,-3.12431,4.65529,11.25897,4.19502,5.86168,-2.29745,-1.42193,5.92326,-2.31458,2.67427,3.08348,4.90545,8.57978,10.98150,7.30199,0.88162,-3.44684,-3.16726,2.04746,0.29244,-4.10475,3.28078,4.18226
