-0.34824,2.76772,0.66339,2.75058,1.84444,-0.34998,-4.34280,3.65917,0.57811,3.11440,3.41771,2.80310,0.24501,-0.66263,-2.53172,1.28556,-3.28453,-1.66323,1.61331,-0.18883
1.00252,6.99229,-0.85650,1.64684,-2.32479,0.53210,-3.13126,0.49392,-0.31944,2.27103,3.90072,2.26908,0.40357,1.35141,3.36306,2.06033,-2.74512,0.33150,1.74652,-4.16235
1.56612,-0.00033,1.62604,2.19289,-1.42266,-0.30517,-0.47679,2.68836,0.99177,-1.28259,3.43451,1.66086,3.52702,-0.64556,2.39767,3.04897,1.71585,-2.19014,1.72958,-7.28525
0.20170,1.35807,2.66772,-1.68370,-3.09396,0.41860,-4.71152,1.51113,0.19706,1.59808,1.86918,1.12991,-0.43864,1.85782,-4.81167,1.81851,0.37617,-3.87023,1.13089,1.05559
-0.68994,5.52465,-0.44230,-1.64836,-2.49532,-1.77012,0.64832,1.94233,2.18931,1.20982,0.56634,2.96394,4.36884,-1.63229,1.49623,2.64559,1.16442,1.15193,0.61185,-1.72579
0.12311,3.88955,2.67695,0.78965,-1.05997,0.87650,-2.56487,-1.04319,0.05985,-0.28812,4.42028,0.84525,1.33251,-0.09446,-0.64133,1.79034,1.82756,0.85662,0.08164,-3.81820
-1.28081,2.93517,1.17642,1.12068,-0.31641,0.94910,-1.15664,-0.09199,-0.63765,0.01517,3.66658,0.51494,-1.55176,-3.89151,0.04004,0.01672,0.63071,-0.02549,-1.07535,-3.34449
-0.73500,-0.53269,0.40106,1.20975,2.53195,-2.04890,0.55206,2.23814,-1.79738,0.47670,-0.69769,-2.17877,-0.24527,0.59850,-1.04301,-1.85021,2.13010,-3.86788,1.31187,-5.80464
-0.63178,-0.17249,3.11032,0.04312,-3.28219,0.38390,2.49206,0.47946,-3.73809,1.01654,-1.03773,0.08679,-1.57873,-2.92924,-1.95691,-0.99111,4.51763,1.93421,1.64204,-3.13789
0.18938,3.60576,0.81984,1.64377,0.12496,-0.73366,-1.84595,-0.55475,-1.71657,-0.97268,4.14033,-0.36905,3.51303,-0.24140,-0.97861,-0.11186,0.17298,-0.30979,0.76581,-0.67845
0.03987,1.94455,-0.55812,3.66431,-0.31000,1.13507,-2.12427,1.32083,0.08188,-2.72552,-2.83576,3.85717,2.90280,-2.15788,-2.30667,0.02603,0.68935,0.80366,2.78782,0.12048
-0.43096,-3.23594,-2.06565,2.54587,0.69521,-2.18950,0.07726,1.62902,-0.13959,-2.14485,2.37026,1.80171,2.40437,-4.79345,1.35085,-0.79233,2.19660,-0.34260,-0.09143,-2.18841
-0.59842,0.49563,0.28432,2.22682,0.17367,-2.21695,-0.56907,2.31586,3.61103,-1.31865,3.08797,-1.16793,0.13571,3.42511,-2.67304,-2.63686,-2.21020,1.66615,-2.27434,-1.90526
1.02641,0.51192,-2.09878,3.35697,0.56592,0.55563,0.86823,-0.35245,0.47969,0.93683,-1.84644,1.84580,-1.79742,-1.77668,1.05853,0.93896,-0.52610,1.46030,0.55824,-0.39579
-0.36118,1.56397,0.40719,1.42294,-2.16791,-1.89240,1.36192,-3.07210,-2.07983,0.55183,5.78260,-1.11472,3.78530,-4.31348,0.21134,-0.85293,1.21384,1.15682,1.15478,-0.74996
-1.62034,4.21644,-0.07230,-1.07736,-0.75065,0.61402,-0.37116,-0.55938,1.23282,-2.12480,2.42080,1.57180,2.13822,4.08638,-1.70487,0.59544,1.49517,0.83956,0.85811,-1.41768
-0.97199,1.26188,0.04766,-1.18485,-1.98937,-2.32998,1.04574,0.74166,1.18336,1.97051,2.30628,-1.99002,-1.25532,-1.49368,-1.13447,1.09101,2.71511,1.16413,-1.49019,-1.30914
0.92131,0.08152,-1.91021,0.38069,-1.28575,-1.33668,0.78659,-0.08432,-0.34257,-0.09001,2.91994,0.80305,-2.06845,-3.83251,1.18864,-3.11534,2.30040,2.63805,1.06400,-1.47913
-1.98229,0.03265,-3.38909,4.62696,-1.37054,1.73177,-1.43182,2.74262,-0.56456,-3.74123,-0.54927,-1.51411,1.05358,-4.30180,0.22602,0.73960,1.41411,0.51929,3.49212,-0.58696
-0.86762,1.99710,1.35361,0.38183,-2.08824,-1.72105,-1.43961,-0.91220,0.51422,1.11558,0.47569,-0.92107,1.87147,0.21621,-3.02034,3.20438,-3.70634,-0.56279,-2.52154,-3.65831
1.29571,1.54435,0.17397,-1.53722,-0.16334,-0.21625,-0.04405,-1.06781,-0.97989,0.51722,6.06728,0.61713,-0.39991,0.10185,-1.88980,-0.90555,0.29259,1.10310,-0.95742,1.00207
0.72215,0.29054,2.33802,2.30334,-1.76407,-0.81357,-2.54650,1.38386,1.22905,-1.09483,2.34804,-0.51600,0.82066,-0.20729,-0.46506,0.41876,4.26031,-0.36878,1.51328,-4.11421
0.43616,1.01406,0.38048,-2.90428,-4.37265,0.14392,-2.06294,3.45414,1.52303,3.23910,2.66287,2.76256,2.50107,-0.19933,-1.92880,4.99899,3.67728,-3.02547,1.46738,-1.58024
-1.19328,2.40361,-1.84292,4.04840,1.67609,-0.41460,-3.09602,3.36640,0.30051,-2.13580,-0.29941,-1.47340,-1.41611,-1.89844,0.62875,-0.10369,0.38662,0.64583,-0.14930,-0.52750
-1.85102,-4.74088,-2.25370,0.65805,0.08255,0.26685,-0.03138,1.00903,-0.71119,-2.64813,-2.31848,0.39448,0.56164,-1.19795,-0.18755,-2.29796,0.00637,0.30771,3.95291,-1.28025
-0.82091,1.21490,1.76243,5.11578,-2.26978,0.82574,-0.13285,3.01470,1.48059,-2.34737,0.02902,-0.96483,1.83575,-2.48510,-0.98323,0.04434,0.91476,1.04170,4.72902,0.89918
-1.68990,-0.74971,1.51439,-1.09781,-2.82630,-1.42537,-0.33472,2.02194,2.62073,-2.77058,0.13847,-1.86717,3.62477,-1.44978,0.78482,1.89780,2.60168,1.15380,-1.20948,-1.88087
1.97009,1.98459,0.69864,0.07342,-0.47178,-3.11188,-1.19097,1.25290,2.40340,2.51294,2.50717,0.37632,0.01187,-1.31357,-1.60110,1.54246,2.82814,-0.57745,2.82034,-4.34990
1.29071,1.89533,-1.75588,4.10981,-3.12321,0.82681,0.96216,3.41122,-3.43423,-0.78764,-0.61862,-0.76428,2.61512,0.41670,0.08201,2.66089,1.17068,-1.10875,2.82777,-3.27518
2.63264,2.82016,-1.54981,1.67979,0.32964,-0.51715,-1.05025,0.51000,0.71782,-0.30785,5.45860,-0.03216,-0.71179,0.18740,-1.24166,2.62204,2.47684,-0.40187,1.46731,-3.27098
-0.21943,2.31477,-1.25836,2.22108,0.42100,-1.39881,-4.21292,3.43229,0.40809,2.30088,0.23131,1.83889,-3.16588,0.73111,-0.41090,-1.39488,-0.39059,0.48224,-0.00692,-2.21272
-1.77934,0.02691,-3.07297,0.97950,-2.42882,0.66961,-0.01856,2.32929,-2.74451,-2.45893,-4.87913,0.29790,-0.55213,-2.21755,0.78460,-1.02303,3.29772,-1.89819,2.63683,-3.28661
-0.23824,1.34747,-0.09245,-2.33410,-2.28417,-1.10109,0.56393,0.00301,-0.27636,2.46523,8.62093,-1.47962,-0.55072,-2.37558,0.65162,2.61591,1.33137,-0.65830,-0.06003,0.58003
-2.01214,2.65895,0.63804,-2.51075,-0.18735,-0.82088,3.05336,0.81031,1.78362,-1.84358,4.31827,-2.59666,0.13575,-3.10592,-0.80337,1.69323,1.85822,0.65349,-0.01766,-1.87273
0.10567,4.05458,2.22260,-0.95298,-2.28661,0.26696,-0.69730,2.61447,-0.46659,0.53447,5.13673,2.71531,1.00802,-1.90210,-1.77464,1.80058,1.29182,-1.66673,2.42772,-1.54095
-0.85381,-0.58582,-5.11499,2.05199,-2.03116,0.98427,1.17272,1.41122,0.59807,-1.22706,2.62496,1.40815,2.46365,-1.19001,1.87980,4.10260,1.19348,1.72229,-1.33498,1.41730
-0.76994,0.11441,2.00939,-1.27883,-2.57535,-1.19521,5.53572,-0.42262,2.29911,1.86469,2.62024,-0.72076,-1.65269,-2.72407,1.75073,-1.35414,-2.01664,2.61961,-0.15575,-2.21927
1.45775,-0.22481,0.14401,-1.22347,-1.15519,0.50603,-0.86775,0.08595,-0.08455,0.09779,-2.48645,-2.06505,0.40214,-0.53705,0.75052,-4.60301,5.66320,1.60389,0.91259,-2.56943
-2.65100,1.91098,4.40213,-4.16925,-1.84955,-2.89393,1.83795,-0.91049,2.71655,-0.02982,2.62396,-1.42601,0.88474,-2.87303,1.76077,0.98250,0.77340,2.23585,-0.21589,0.45917
-0.18995,2.01334,2.12752,1.70840,-2.77047,1.06054,-2.01785,0.77010,-0.24279,0.83527,3.84109,2.15894,-0.30272,-1.04651,-0.39903,0.79579,4.37967,0.02352,1.49632,-5.17693
1.30776,3.95143,2.16095,3.53473,-2.21118,1.73823,0.84627,1.42666,-0.77095,-0.41359,0.21573,0.98419,1.53636,0.09594,0.60718,1.15988,0.39397,-0.73764,1.66110,-2.63088
-0.21687,-2.94857,-1.97543,3.64544,-0.94066,0.44889,-2.54656,1.58277,2.85988,1.45314,-4.70059,0.41684,1.70011,-3.67184,-0.46859,1.60769,3.42394,-1.85924,4.33573,-1.33002
0.65753,2.13931,-0.83712,-0.10442,-1.56458,0.14553,-0.05093,2.19401,-0.89113,-1.57092,-0.18852,0.93527,2.33559,-0.64246,-1.10685,1.63627,-1.52109,-0.11342,0.46044,0.64760
-1.83183,1.27975,-2.91237,4.92239,1.19610,0.57029,-3.01186,3.33145,-1.32026,-3.50400,-1.48863,0.08556,0.11825,-4.24635,0.30571,4.69070,2.80408,0.84110,1.33253,-1.41143
1.80880,3.89023,-1.16750,2.50864,0.25756,-1.35237,-2.04547,-1.47363,2.99011,2.04668,0.73852,0.73720,2.35268,0.84029,-0.01391,1.07169,1.54487,4.91495,2.37086,-1.75967
-0.27808,-1.39043,2.74622,4.67789,-1.32788,1.44845,-0.85754,1.54937,0.60738,-1.24929,-3.32309,1.08781,-0.97406,-1.19025,-1.54196,1.13617,2.73339,-2.78773,2.17386,-1.82871
-2.64927,2.69248,1.61684,-0.87552,-2.62689,-2.04051,1.16432,0.28001,1.44517,2.00185,2.29700,2.22100,1.62974,0.04313,0.83274,2.67946,2.03203,-0.64380,1.65051,-2.60196
2.24539,-1.51457,-0.53202,-1.18446,-0.08060,-2.29424,0.00675,-0.55100,-0.68122,0.09203,1.47335,0.33703,3.13651,-0.84276,1.30535,0.01275,1.31268,1.47889,-0.30027,-0.58968
1.17930,0.65817,1.46427,2.69604,-1.05170,-2.35961,0.25911,-0.55915,-3.85712,0.37575,-0.39556,0.39429,0.61649,-3.00030,2.27613,-4.28321,2.71824,3.65123,-1.95940,-0.70716
-1.30211,2.17553,-0.06232,0.22829,-0.73527,-2.06146,1.21932,1.70200,-0.16815,0.97876,-2.02694,0.37458,-1.31487,-4.38311,3.80202,1.29036,3.87431,2.47800,2.08634,-1.69785
1.32382,2.75787,0.77361,3.70071,2.00249,-0.74707,-0.42011,0.65554,0.68336,2.86760,1.67801,1.94706,-0.93807,-2.18227,-0.38306,2.86821,0.47719,1.93667,1.31620,-1.54932
-0.55439,4.47353,1.71006,-2.14469,0.13835,-0.61206,0.17550,1.84323,0.44811,5.09490,3.11426,-0.05054,2.54894,-3.20077,-1.19926,2.12883,3.11145,-0.98681,2.59960,-0.02770
1.69838,-0.37871,-3.02914,2.69229,1.61040,-0.95213,-2.05065,3.48979,-0.52810,-2.19837,-1.66306,-1.08932,0.12626,-2.38312,2.75606,-1.83690,1.97578,-0.90171,0.64883,-2.61852
0.20403,2.51148,1.51557,0.75714,-0.82944,-1.05262,1.06923,0.46446,2.82467,0.36068,4.34812,0.32504,-1.23127,-2.38928,0.42006,-0.55659,1.78377,3.55747,-0.08313,-3.11775
-2.46806,2.36108,0.59758,3.69302,-2.58806,-0.44774,-1.59067,-1.01808,0.03668,2.06665,2.40166,0.43370,0.92805,-0.26414,2.29111,0.08523,3.07238,-0.04995,0.87078,-2.50438
-2.62811,0.02363,-2.15755,5.59666,-3.65880,3.52827,-2.80584,0.06050,3.65091,-2.22782,-5.76783,2.82963,2.34896,-2.50971,1.57517,0.33404,1.75406,-2.97366,2.51003,-0.35914
0.06353,-2.51673,-2.06773,1.72262,-0.93370,0.06521,-3.24100,2.41177,0.88181,-0.14867,-0.78670,-2.78761,2.10850,-2.54634,0.56484,-0.66250,1.62298,-1.36157,3.03354,-0.47035
-1.06969,0.11588,-0.17304,-1.11123,-2.82988,-3.15830,1.71782,-1.34415,-0.37818,1.38724,4.49855,-2.16321,-0.45438,-0.07302,-1.67263,0.01158,-1.26675,2.87517,-0.58650,0.03837
-1.93645,-1.93552,-3.50995,0.44525,1.88289,0.46651,0.91098,2.23331,-5.98420,0.63656,-3.42168,1.73030,1.04369,-1.33498,-1.45236,0.11519,0.31916,-0.25319,5.65455,-1.82409
-0.46164,2.29438,-2.55771,1.77357,-3.28550,-0.89825,-2.18270,2.19152,-0.35433,-1.18776,-0.02152,0.98084,2.13873,-2.64386,1.57943,0.71490,0.56157,1.12509,2.81021,-4.77473
-0.85034,1.64204,2.32894,1.62721,1.16563,-2.21018,-2.40422,2.05096,-0.81377,1.13260,4.84566,0.57971,-1.95161,-0.32903,0.77835,1.90203,1.75157,-0.82865,0.55698,-2.00841
1.40064,0.51379,-0.91897,-0.12745,-0.29750,-2.15876,-0.98690,-0.09369,1.19968,3.37113,4.47828,-1.04144,-0.99366,-0.30650,-1.15239,-1.34198,-3.42900,1.71503,-2.97645,-0.16773
0.12648,0.16889,-1.71210,2.35576,-0.72689,-1.42223,0.13213,0.10975,-0.37581,-2.53689,-1.97713,0.69266,3.88068,-2.66689,-0.87231,-0.76893,3.18877,0.39382,3.80355,-2.98281
-1.68144,1.83656,0.63742,2.46894,1.32811,2.19563,-3.48391,0.95232,0.08703,-2.60880,-4.07976,0.67674,2.00404,-3.02991,-0.49031,0.95828,1.43390,1.32351,0.06616,-0.61765
1.15728,-2.57760,-2.22078,3.14197,-1.43069,3.34044,0.24296,0.26858,-2.19564,-2.11009,-1.69958,-1.62264,-1.14685,-4.17913,-1.81113,-0.42237,1.94847,-0.16490,1.72185,-6.54181
-0.46406,-2.74123,-3.18433,4.63155,-3.80725,1.53717,0.80098,1.09994,-0.75013,-3.05402,-2.42179,0.12621,1.58225,-3.21254,1.42029,1.46474,0.74810,-1.28816,1.16132,-5.81862
0.08757,0.47591,0.07379,6.09745,-2.47756,-0.68888,-2.64023,-1.85752,-1.70689,1.64860,10.44603,0.38162,2.90024,-1.52023,-0.98081,-1.03446,-2.40819,-0.41629,-0.54606,-0.56604
0.78430,3.10932,4.42847,-0.70331,-0.10371,-0.54608,0.39855,2.01012,-2.26076,4.17556,5.08834,2.72618,-1.71855,-4.01452,2.86122,5.03923,2.82471,-2.08990,0.99972,-4.05169
1.54199,0.29873,-0.71027,1.58485,1.30955,-0.26174,-1.85202,1.50522,-1.37613,-0.20749,2.04486,-2.09993,0.59337,-5.95147,-1.54222,0.28599,-0.09655,-1.64757,-1.30072,-3.36263
0.91676,2.67389,0.34347,-0.27890,-1.51121,-0.72502,0.39457,0.59598,2.15916,2.71442,0.74699,1.18933,3.79290,-2.01154,1.64551,3.14131,3.34811,2.40491,0.58545,-5.20010
0.36576,0.24823,-4.39866,5.74164,0.92392,-0.53621,-3.97358,-0.25176,2.62574,2.40591,-1.95016,0.08288,2.25121,-2.06485,-0.07119,1.45914,-0.60465,-2.16839,5.69403,-0.45693
3.17633,-0.02191,0.05933,0.57884,-2.43715,2.62546,-1.31302,1.89388,-1.85221,2.04121,-3.24122,-0.57304,0.38420,-1.74131,-2.61245,2.37482,3.50365,0.91378,1.04752,-2.25172
0.68279,-0.06163,-0.52158,4.74250,0.53161,0.87069,-0.25547,0.55850,0.92395,-1.25082,3.51840,0.53787,2.03531,-4.52053,-1.50119,2.19456,1.38624,3.02165,0.39564,-7.20269
0.65425,0.39935,-1.33783,-0.65720,-1.91727,2.54346,-0.84926,0.27553,-1.93885,0.69856,2.90339,1.22385,3.66265,-3.89593,2.33206,1.31284,0.89374,-0.44819,0.75624,-4.51209
-2.56493,-1.68882,0.91558,-2.86186,0.80121,-2.84470,-0.70848,1.34150,-0.98665,2.62957,1.44987,1.09660,-2.38329,-1.78402,1.84249,-0.46989,1.27409,1.68754,1.24611,-1.65115
0.56851,-0.94855,-2.82749,3.18323,-1.66178,2.27281,-1.47876,1.26396,-0.29717,-1.17771,-1.07816,1.99502,3.33499,-1.65237,-0.00596,0.45577,2.96743,-2.17017,1.96515,-3.00754
0.65330,-1.02699,2.69670,-2.81219,1.57900,0.58778,-2.04736,-0.64323,-2.19903,-0.22396,1.90665,-1.98938,-2.46463,-0.02055,1.04875,-0.98323,-0.29788,1.20120,1.98566,-0.56130
0.48869,1.90338,-1.02050,6.24587,2.70797,0.63001,-0.90556,0.95640,-1.36513,-4.30930,3.16493,0.31278,0.88897,-4.21964,-0.45489,2.18961,2.77173,-1.01070,-1.10973,-2.04749
-2.87897,-0.88485,0.04883,0.26244,1.36616,-0.05125,-0.41282,3.34782,-3.04021,-2.49258,-0.16495,-2.04776,4.76820,-2.54202,-1.90988,-0.49314,1.95097,-0.31115,2.34227,-1.47100
1.07684,0.34309,2.16599,-1.43263,-2.71491,0.44210,0.46851,-1.88472,-0.06146,3.33299,2.51756,-2.35716,0.85111,-2.04007,1.86055,0.90064,-0.30889,1.76550,-0.73388,1.65772
-2.68466,-1.67635,-0.94607,3.85084,-1.68855,0.96243,0.14244,3.18417,-0.15125,-1.89845,-0.33848,0.94208,1.25843,-2.04093,-1.17499,-0.91973,1.61062,0.47705,1.73718,-1.97768
0.19187,1.69075,2.56863,1.58245,-2.14969,-2.69093,-0.26249,-3.05510,-0.17653,-1.54558,-1.17889,0.32354,1.51686,-3.81054,0.07817,-0.66799,0.63198,1.24829,-0.70922,1.03864
-0.27109,3.35501,-0.86972,-1.15579,-4.33201,-2.61350,-1.58548,0.87000,0.88458,4.03025,4.12713,2.67461,1.74587,0.75766,-1.15466,6.19423,2.89830,0.36548,0.43978,-4.39298
0.85501,1.37412,2.34730,0.25596,-2.16817,-0.30140,-1.49922,0.82592,0.95877,1.65652,0.50727,3.75534,2.17291,-0.29734,-0.85766,2.52989,2.39404,-1.62669,1.92485,-2.59601
0.90726,1.43065,2.44793,1.82538,-1.47103,-1.24824,0.06780,0.47107,0.65394,1.54209,6.08698,-0.85914,-2.41419,-4.20065,0.29393,1.44580,-0.66464,1.77819,0.17877,-1.15649
-2.40793,0.29479,-1.84345,3.11793,-0.72911,-1.33567,-1.89341,1.71104,-2.25334,-1.74605,-0.23937,-0.99083,4.16633,-1.68153,0.86377,-0.61976,0.86955,-0.04670,2.12836,-3.72952
-0.81305,6.58199,0.93825,-0.99815,-0.59895,-0.37402,1.61197,4.42466,-1.83809,3.44793,3.73330,1.66194,0.37546,-3.04470,-4.51911,3.87582,2.05933,-0.96805,1.83195,-0.00027
3.53417,4.70705,3.47261,3.48227,0.14299,-1.30892,-1.57975,0.99357,0.72701,5.37793,1.30116,1.30289,0.54475,-0.94932,-1.17097,0.39821,0.53640,-1.42898,1.58110,-2.31973
1.10968,1.82402,-0.58753,2.59694,-1.19729,-0.47600,-1.09569,2.28187,1.21597,-4.77832,0.75586,-0.31814,2.14036,-3.71710,-1.04884,2.65607,-0.90196,2.39032,2.63094,-1.00367
-2.40433,0.48003,-0.88245,-2.73860,0.66125,-0.84272,-2.92427,-0.85127,1.21784,0.81960,2.88622,0.16063,-2.52224,1.73138,1.16100,-2.08664,2.31793,0.94118,0.69161,1.22761
-1.24468,0.66222,1.24007,0.55922,2.56744,-0.82079,1.06410,0.52568,0.22239,1.04773,4.27081,2.56656,3.26861,-3.22511,-0.84655,-1.34013,-0.07627,-0.79002,-0.26150,-3.12460
2.32963,-0.72837,-0.22243,-0.11724,-0.39436,0.72365,-1.64239,1.63159,0.81174,1.99435,6.00895,-2.53412,-1.44116,0.43832,-1.07028,-0.43063,-1.67972,2.79674,-1.76451,-0.28248
-0.07016,2.89028,-0.77586,1.91488,0.36693,1.19364,-2.89375,1.51075,0.02124,3.07290,1.20774,3.48399,1.53364,-1.62568,-0.01541,1.26260,-0.82550,0.56927,-0.24952,-4.30050
0.87772,-1.34175,1.06599,-1.61657,-2.82794,2.90355,-1.24609,0.65024,0.45503,0.14327,6.46818,0.34347,-1.52043,0.50999,0.96598,2.84132,1.81547,0.79864,-0.82060,-2.02817
0.71713,3.09163,-0.17906,0.15360,-3.32894,0.11051,-2.58792,-0.61812,-0.82782,0.60172,2.98333,0.34581,2.62807,-0.86961,0.93476,1.07639,3.32147,-1.73218,1.65538,-3.95383
1.05171,0.80542,-1.26117,3.30363,-0.29751,1.51977,-2.65375,2.90492,-0.68555,1.30796,-0.75592,0.82622,-0.74895,-3.46934,-1.37212,0.54894,1.93188,0.13409,2.25228,-0.57082
0.29199,-0.11773,-1.02774,-4.65788,0.20307,-1.02365,0.24965,-0.22005,-0.41350,2.65032,-0.53728,2.13682,-1.84411,-3.78319,0.99490,-2.68528,-1.25628,2.47393,-1.58745,-1.02462
1.56524,0.73263,2.30492,1.61450,0.73351,-2.97512,0.80750,2.43744,-1.55419,-0.54389,3.31176,3.02165,1.80488,-1.72863,-1.72606,3.55769,4.78560,0.08954,-0.22336,-7.02885
1.23564,3.64829,1.31260,-0.31435,-2.09780,-0.01198,-2.52697,0.96529,3.02589,2.93248,0.26397,3.23798,-0.32016,-0.24428,-2.16163,1.55192,1.25109,1.60038,0.04368,2.29575
-4.49363,1.70405,0.01538,-0.82167,-0.02770,0.67672,1.29851,2.58817,3.01990,-2.00240,0.22248,-0.43201,3.18364,-1.84586,-2.42554,-0.88484,1.62665,0.44712,0.73573,1.52516
2.14100,0.62525,2.17566,1.88614,-3.09921,-0.28973,1.90132,-0.99375,0.95957,1.29855,5.48633,2.53678,-1.17188,-3.19110,1.48216,-2.14394,3.08887,0.09546,-1.86858,-2.86112
0.28656,-1.34279,-0.19390,1.54317,-1.10738,-1.64474,3.12839,-1.08918,2.37484,3.60460,-1.22456,0.18731,-0.43689,-1.32844,-0.21360,0.72816,3.46581,3.87162,0.25792,-2.83925
-0.17454,2.64625,0.50079,2.44590,-0.90449,-0.65324,-1.19415,0.86720,-0.14515,-0.47256,1.96769,0.88478,5.02630,-2.39370,1.28021,1.98356,4.05850,-1.66038,1.15175,-1.51919
1.40990,-0.47422,1.73344,-1.56815,-2.17971,1.24314,0.79178,-2.72974,2.24110,-1.06858,2.56821,1.39192,-0.25580,-1.56168,-1.13404,-1.20732,0.16510,1.30648,-0.61006,0.33378
-1.18995,1.41620,-0.77777,3.65642,-0.22020,-1.88236,3.13531,1.14541,-1.31006,3.88320,3.29642,2.18637,1.42896,0.76284,1.02596,-0.57784,-3.90305,0.24275,0.57937,-1.23921
-0.02822,6.38162,0.03918,1.97258,-0.06569,-0.10453,-1.88231,1.74816,0.75020,0.88248,2.76484,-0.42079,0.95455,1.04194,-2.11316,1.28070,1.26494,-0.90478,1.55288,-2.55371
-0.02485,-3.23102,-2.67090,4.21138,-2.76315,1.36300,-0.92305,3.25038,1.15914,-0.48528,-0.54946,-0.07169,1.49625,-2.68924,0.77050,0.41732,1.38347,-0.26819,1.86575,-2.55266
-0.41350,-1.76863,-0.99739,3.08566,-1.95302,1.11353,-2.45967,0.77488,-0.08872,-2.61878,-0.41672,-2.08426,4.04214,-2.06363,0.49243,1.16584,1.75772,1.64682,0.89123,-2.19152
1.54065,2.73608,-0.19499,0.45798,-3.35617,-2.10464,-1.57359,3.01913,0.72069,-0.37709,1.58772,-0.19689,0.69632,0.42488,0.30900,2.47929,1.91287,1.94387,2.59194,-4.43832
-0.16951,1.99523,-1.41853,6.88761,0.10957,-2.31825,1.31658,4.13951,2.00030,-1.16622,-3.86382,-0.53480,-0.22476,-2.09219,-1.34263,0.56656,1.50233,-0.23742,3.48988,0.93110
0.51543,4.79665,-3.46510,0.78368,-0.43911,-0.54097,-1.12977,2.23909,-1.32225,1.73240,2.01414,0.92852,-0.17621,-1.18714,0.01581,2.51711,-0.55245,-1.10085,0.85241,0.36877
0.28633,-0.91386,0.17902,1.64992,-2.68455,0.27893,-1.74240,0.88564,-0.64552,0.94144,3.71288,3.23350,0.09878,-1.67506,1.51145,-0.33088,0.76837,0.94258,0.93905,-2.22849
2.41076,2.52849,0.57934,3.46225,-2.31603,0.28171,-1.73824,1.08017,2.93833,-0.79547,3.72912,-0.70859,3.57945,1.86992,-2.36677,-0.95222,1.95337,-1.63777,-0.12897,-4.35811
2.35423,4.49638,-1.57226,0.99052,-1.04906,-0.78479,-4.51259,-0.06608,2.09875,-0.03270,0.74124,2.11678,-1.26886,-1.42698,1.45887,2.24280,2.41991,-1.34447,0.34076,-3.74498
4.10948,2.53162,0.93417,-1.62243,-5.73551,-1.25019,-1.66360,1.72505,-0.21879,1.32958,2.61256,3.41522,1.47488,-0.67306,-0.46695,2.81012,0.26680,-0.87656,2.40184,-3.61671
0.50324,2.44334,-3.56453,1.89976,-2.41453,-1.63600,-2.37592,1.26078,2.62412,1.35547,1.95148,0.89030,0.97152,-3.36707,-1.50221,5.03967,5.62364,-2.24332,0.03795,0.64549
1.47559,4.19525,-0.08198,2.19481,-0.17340,1.39724,2.08671,-0.21531,1.51474,-1.05344,0.00533,0.14978,3.03556,-5.26730,-0.22801,-1.19275,2.98158,-0.53856,1.31049,-0.64062
-0.80047,0.41755,-0.86566,5.49032,-2.09591,0.39961,-1.18356,1.27581,0.06139,-1.74601,-2.78182,-0.03815,2.06916,0.10186,0.93821,-0.63206,2.25631,0.70826,2.78044,-2.89455
-4.69695,-0.20219,-0.34002,1.19681,1.21238,1.12218,1.40334,0.90821,0.27657,1.98531,2.84923,0.65828,-1.25143,-1.31330,-1.95689,0.81025,-2.50358,2.97332,-0.89382,-2.56190
-0.39978,1.34342,1.24082,-0.79367,-2.95891,-2.05462,-0.83179,0.99699,2.20309,2.98917,2.91840,2.85889,-0.44006,0.22869,-1.61387,3.09274,3.31952,-1.00471,1.76072,-2.74947
-0.25270,3.26126,-1.19389,2.74194,0.89218,0.31924,-0.64480,0.60089,0.99822,-0.58884,-1.03465,0.29969,-1.63118,-0.89010,0.89508,-1.99942,0.28187,0.66658,-0.50299,-1.72081
-1.59473,-1.76595,-3.02051,3.40809,7.00434,-0.33735,-6.10952,1.01379,2.58587,-2.65451,-2.51831,2.98513,2.31379,-3.96683,1.50729,-0.00728,-2.22474,0.26271,1.50218,-1.91114
-0.24952,-1.45383,-0.11159,0.45990,-0.85958,-0.51380,0.21906,-2.17999,-1.26389,-1.60294,0.53095,1.19774,0.75338,1.46743,1.50918,1.27725,0.69196,1.28498,1.62723,-1.48432
3.26827,0.41479,2.09360,2.74941,-2.57010,-1.66780,1.20783,1.44937,1.08556,-0.32436,0.97041,0.63229,2.49632,-1.76287,-0.64087,-0.11696,2.58842,0.90031,0.89394,-1.58036
-1.93438,-0.39731,0.60176,3.59097,-1.09911,-1.04893,4.14758,-0.89296,0.10363,-0.24967,2.54482,2.04361,-1.35494,-3.26659,3.07328,0.81691,2.35403,2.61598,0.69739,-4.70116
0.90143,3.39470,-1.63929,3.04399,-0.86857,-0.44089,0.25477,0.91442,-1.35320,1.66447,-0.53722,1.20086,-2.42138,2.87390,-3.01894,2.01173,1.13625,3.44909,-0.20306,-3.47232
1.42152,3.91282,2.87789,2.38663,-2.32161,1.81752,-2.25641,1.63928,1.62347,2.02770,0.42887,0.82050,1.53406,-0.14298,-0.48194,4.13308,0.31191,-0.86699,1.02935,-2.34215
-2.42725,1.68469,-3.56928,4.91622,3.17023,0.75600,1.30103,4.16275,0.29081,-1.04627,-2.70268,1.49957,3.65236,-1.14846,-1.09152,1.50056,0.89244,1.19831,-0.09145,-0.64126
-1.79757,-0.46197,-2.23600,2.82879,-3.52590,0.39344,-2.19437,2.78304,2.10747,-1.90314,-3.51584,-0.77186,1.65318,-2.12108,1.51054,2.03649,0.10670,-1.97846,2.12459,-3.26000
-1.77529,1.13929,0.22345,0.71742,-0.57116,-1.82846,-0.43095,2.99782,1.52559,3.84295,3.26143,4.04748,2.27424,0.33039,0.29185,4.37811,0.37169,0.47550,0.75667,-4.76994
0.67191,4.77031,-0.49949,2.58013,-0.66491,-0.28121,0.25841,-0.49160,1.47883,0.31571,1.56368,0.57959,-0.61948,-3.05374,2.89348,0.57726,0.89936,0.83934,4.60912,-3.61371
3.38462,0.08480,4.92918,2.57008,-0.20519,-1.25524,0.35069,0.76578,0.81580,0.58829,2.32196,0.95901,1.40604,-1.63010,-0.74969,3.47463,2.36777,2.62774,2.78575,-2.54124
1.00270,6.15875,-1.37816,3.81698,0.81051,-2.38260,-0.92126,2.17561,-0.29663,2.28612,1.13170,3.52835,1.05312,0.21384,-3.01935,0.81912,1.92396,-0.40488,0.68036,-4.36057
1.03167,2.79134,0.68941,3.11118,1.43331,1.73847,-0.60484,-0.34433,1.06093,1.01943,-0.73352,1.05394,0.07778,0.38158,0.59626,-0.26325,0.33213,-0.27372,2.01466,-1.41696
0.03348,2.55890,2.12118,2.90194,-0.30583,-2.23821,-1.39291,0.72718,-1.82951,1.34934,5.50346,2.22040,-0.37270,3.33898,-2.62067,2.13778,1.47002,-0.42755,1.82164,-3.47933
1.78214,3.25823,-3.05025,0.24030,-2.22462,0.34900,-2.21532,0.73138,0.06782,0.30727,-0.26575,-0.71261,1.97775,-0.03144,-3.07670,0.27853,-0.06844,0.48026,1.24239,0.65147
1.03505,-0.29385,-0.89296,-1.86085,-2.36017,1.62041,1.77340,-0.38790,-1.57249,2.58602,3.78287,-0.68628,5.17705,-3.38229,1.09022,4.80515,0.35303,2.96919,-1.91293,-0.93798
-3.13563,4.40232,4.92388,0.08495,-2.30520,-2.65772,1.66216,1.63255,-0.76671,1.13781,1.46189,3.14763,1.90789,0.14749,-2.41650,2.85716,-0.97659,-0.91195,2.04096,0.19766
-0.05314,1.71950,-3.87455,2.45562,-1.05622,0.18002,3.32713,-0.49655,-2.85685,1.50562,5.39862,-1.54007,-0.92772,-1.32986,-0.53192,-1.07484,0.63685,0.15285,0.90606,-1.65356
0.60195,-1.96509,-1.18669,2.75374,2.87443,2.18559,-2.07100,2.50292,-1.99719,0.62821,-1.73861,-1.34829,1.58957,-2.50864,-2.86552,2.52683,2.22996,-0.68370,1.98514,0.30595
-1.64483,0.00873,-3.83499,2.48746,-0.58880,1.94856,0.28900,-0.01058,-0.80421,-2.75142,-1.37992,3.17660,0.02744,-0.01695,1.00919,3.49126,1.19450,-0.68097,0.42302,-2.63203
2.40793,5.88694,-1.93221,-0.14849,-0.82024,-3.28713,-1.69964,-0.15792,1.32311,-0.65096,2.04934,2.35980,-1.22836,-0.12282,-2.53208,1.80027,0.04007,-1.91058,1.83734,0.88293
1.36372,1.27501,-0.08329,0.17615,-0.93105,0.42619,-0.19075,1.84081,-2.08499,-1.97517,6.62061,0.04646,-1.14355,-1.35691,-0.97312,-0.89056,0.11968,-0.03106,2.73701,-2.15088
0.05796,1.73669,0.09667,3.10908,0.66621,0.02361,-0.53154,0.06397,0.25687,-0.52117,-0.02909,-0.08339,-0.74339,-2.39950,0.55470,1.77031,0.78115,1.00408,-1.44734,-0.58808
-1.81400,1.05298,4.57323,-0.56090,1.46522,1.56930,0.56394,-1.77414,-1.75247,2.26334,3.63925,-1.55619,-0.75061,-2.09997,-1.35744,-1.19177,-2.17146,2.91490,1.29052,-2.88186
0.69693,1.50613,-1.67194,-1.53457,-0.94202,-0.24330,0.28789,-1.52442,-3.24244,1.99803,2.22303,0.31206,-2.04380,-0.10500,0.79119,-1.23526,-3.70667,2.39120,-0.98353,0.39692
-0.35048,4.29367,-1.92097,1.88639,-4.08801,0.80786,-2.88124,0.56654,-0.55531,2.49814,4.17610,2.62699,1.90968,-2.46644,-2.34648,2.55033,-1.39763,-0.94320,-0.59475,-2.96334
-0.01542,-1.00727,1.29420,-0.01056,0.40175,0.59791,1.03634,2.17096,2.97669,2.89798,2.97139,0.19980,1.94979,-1.35879,-2.25529,-2.68399,0.23531,-0.68215,0.79531,-0.59856
-0.89882,-1.45254,-0.90775,-0.43768,0.94958,0.26161,-1.34665,3.39856,-3.64374,-2.29399,-4.22813,-1.86265,1.56382,-1.29596,-1.37439,1.62918,1.07023,0.29896,1.43418,-2.78379
0.92971,1.43484,-0.81959,-1.56034,-2.10043,0.87969,-2.73148,1.72868,1.09442,2.54798,3.03743,1.33961,0.55018,3.68060,1.26370,1.30810,0.46987,-1.72971,1.38532,-1.51432
0.60416,0.19347,-1.21790,1.05477,2.65508,0.90782,-0.72898,0.98887,0.58093,0.02906,2.58945,-2.43859,2.54003,0.64371,0.00784,-1.92878,0.97309,0.67249,1.86965,-5.16647
0.14042,-0.60567,0.33528,2.86579,-1.34146,0.63712,-1.79876,-2.18444,-0.47752,-0.00849,-2.97049,0.66920,3.27088,-3.06038,0.47105,1.29276,2.50309,-0.73019,0.92400,-1.11425
0.07150,-0.42382,-1.30220,3.04209,-2.00261,-0.53258,-1.02148,3.62684,-0.26408,0.30397,-0.86747,-2.75093,3.77362,-2.79357,-1.43101,0.65630,1.00265,-0.58788,0.52866,-3.77969
-0.70108,4.94013,1.25660,-0.20987,0.79721,-1.04823,-1.50854,0.84343,0.49588,1.06442,1.63875,0.47691,1.34946,-1.51081,1.15508,1.62860,1.54471,-0.24351,2.79707,-0.47953
2.11491,-4.52985,-3.42299,3.62827,-1.61176,0.72160,-2.68741,-1.25021,1.67122,-3.63581,-0.50404,0.65371,4.14235,-4.28993,2.19834,1.70798,2.45944,0.63445,-0.00183,-2.15592
0.12775,2.93791,-0.21534,2.01279,-2.06548,0.09146,0.28157,0.33428,2.32395,0.35004,1.45289,-0.00683,0.22197,-0.95021,-1.39853,0.32483,1.52477,-2.66691,-0.88492,1.14331
0.19035,-1.59067,-2.89661,5.20361,-1.50155,2.89893,0.06744,3.73683,-0.21993,-1.92665,-0.01945,-0.56788,2.01634,-2.35416,0.26945,0.63054,0.84265,1.34210,-2.08675,-4.27629
0.40494,0.34265,-1.94917,2.11693,1.09145,1.56599,0.29690,3.57189,0.08801,-2.89525,1.35426,-1.15588,1.03789,-3.33455,-0.92317,1.87823,2.21163,-0.66634,4.46590,-0.94365
-0.54837,1.05091,-1.38223,-1.58652,-1.42275,0.02560,2.09992,0.39626,1.19487,2.73262,5.62713,1.83991,-0.02588,-0.73125,0.52282,-1.73835,0.98454,1.64488,-0.32422,-0.76019
1.28522,0.35856,-1.69644,2.01686,1.24500,-0.02531,2.38347,-1.28532,-2.45353,2.72522,1.87432,-1.27433,1.16769,-3.89018,-0.24093,-0.09746,-0.13940,2.25859,-1.41369,-0.44711
-1.78214,0.38746,-1.06528,5.86452,3.02372,-1.85694,-2.26557,2.54200,-0.45978,-2.65364,-3.47934,-0.26641,2.20310,-3.99464,0.33478,1.39878,-0.17071,0.33427,1.50470,-2.20906
0.59413,5.21458,0.76413,0.05778,-1.70023,-1.58315,-0.38989,0.58732,-0.61168,-1.62022,1.28097,1.91216,-0.79351,-1.34961,-0.53137,3.83239,1.36127,0.10000,0.78863,0.46444
-0.99983,4.50802,2.59537,2.39391,-0.40101,1.73311,-0.36722,2.06965,-0.30711,0.32349,1.76000,0.58483,2.66727,-3.25052,1.01224,5.03280,3.47630,2.42705,1.97321,-1.60021
0.07709,-3.04732,-1.58238,3.02807,-1.94666,5.92343,0.92229,2.15799,0.61659,-3.00619,-2.09287,-4.19447,1.84506,-4.25305,3.19771,1.83967,1.84752,0.65859,1.71272,0.15919
2.04461,0.80867,2.90488,2.60667,-1.32492,-0.09048,-0.02751,-0.77565,1.80223,1.22887,2.36605,2.41743,1.99142,-2.14437,-0.83935,3.08657,2.64572,-1.91890,-1.12373,-6.75456
0.09758,0.88737,3.72037,-1.65661,-1.62632,-2.66163,2.67254,1.06459,2.27365,2.33617,5.17937,-0.34556,-0.46623,2.88334,0.52649,3.35527,1.59382,4.35469,-1.81743,-1.30920
-0.51345,3.32267,-0.16208,-0.04071,-2.59638,0.14048,0.95016,-0.13993,0.95990,0.34252,4.15498,2.68358,-0.74432,1.19528,-1.57441,2.53576,1.21693,0.75126,-1.72197,-0.85754
1.45126,-1.04926,-0.97940,1.29740,-1.59061,-1.60987,-1.02112,1.80778,0.46450,0.56601,5.65571,1.12041,-0.74492,-3.35259,1.87731,1.31074,-1.84362,3.02590,-1.09389,-0.57893
0.98772,-0.13212,-4.18928,6.07040,-1.22199,1.00812,-1.80768,3.32492,1.38398,-4.45696,-2.34253,-1.48400,0.53993,-0.46228,0.59451,1.00707,1.25060,1.06128,3.06311,-2.53361
1.06294,2.51792,2.99182,-0.28815,-2.97351,-4.53168,-0.02766,0.21461,-1.30749,-0.07656,1.76782,0.17469,-2.11446,-2.61079,-1.90601,1.15713,1.12376,-1.01898,3.05248,-2.61994
-0.11770,1.43729,-0.33081,-0.33150,-1.16520,-0.46695,-2.91629,0.83104,1.32766,0.23776,3.02867,-1.32647,-2.26366,-3.32654,-0.31670,-0.52976,2.08804,5.53632,-0.30447,-0.90873
1.65076,-1.40248,0.68523,4.53024,0.19151,-0.54518,0.88689,-1.96791,0.69919,2.94017,4.94809,-0.86816,-0.34507,-2.50768,-1.10515,3.60244,-0.22615,-0.07800,-1.87679,-2.03004
0.04364,-0.38545,-2.69870,4.59904,-1.03266,1.21220,-0.93357,1.58681,-4.37222,-4.33251,-1.67269,0.57766,2.31263,-2.95777,2.08645,-1.21183,0.37264,-0.18873,0.69999,-5.05501
0.79460,-0.76404,-0.14685,0.19393,0.51475,0.41953,0.34022,2.11278,-0.09472,-1.08616,0.19946,1.06167,3.22524,-1.72408,2.90604,0.49108,0.73906,-1.03818,-2.10080,-4.79850
-1.08649,2.03887,6.09953,-0.80740,-1.23019,-1.15709,-1.49479,2.10454,3.65993,1.67348,3.39202,0.71982,-0.67713,-5.03838,-0.87600,2.01560,2.10493,-2.62844,-0.32465,-4.21206
0.13825,4.11660,0.86123,2.32678,-1.12986,0.77713,1.14176,0.66417,1.33879,1.30022,1.09208,2.28201,2.39963,-0.47895,1.51080,1.59776,-1.25460,0.06876,1.23822,-4.59848
-1.64541,2.72396,1.15479,1.14111,-2.15761,0.11343,-0.85656,1.62965,3.03756,0.80466,4.50184,-0.51472,1.25579,-0.57478,2.07707,3.09389,1.80544,-1.21020,1.56799,-5.22782
-2.13723,-2.63373,-2.24825,2.37167,-1.42805,1.18991,0.34504,4.13877,2.04949,-3.44954,-1.15954,0.57557,-0.41034,-3.09687,3.10799,0.98994,0.15651,1.24249,1.31834,-1.73866
3.82217,3.60828,2.41336,-0.01829,-2.77332,0.99941,-1.61994,1.58498,0.18294,3.32697,1.55344,0.92685,0.42213,-3.00079,2.16270,1.22834,1.02382,-1.95246,0.53754,-3.80927
1.69135,-0.16088,-1.17718,2.78218,-1.72891,0.23722,0.27681,1.37540,0.57219,-2.51780,-1.73223,-1.39141,1.47504,-0.56373,0.17535,-0.16993,2.33961,0.20891,4.31896,-3.08340
1.13415,-0.32416,-1.17642,-2.94209,0.38400,0.70118,-0.54940,0.28400,2.21468,4.75272,1.65812,-0.60123,-0.24937,-1.82536,2.06596,0.66305,3.13759,1.54551,2.19849,-0.75125
0.69582,-0.37308,-1.07200,-0.16639,-0.92569,-1.00450,3.62876,-1.86031,0.96979,-0.03597,2.53215,1.98148,-0.25426,-0.56328,3.11648,0.46428,-0.06709,4.38899,0.93647,-3.90613
-2.58815,-0.93148,1.33384,4.07093,-0.66571,-1.23666,0.57440,2.20244,-2.40237,-3.88044,-4.05765,-2.73777,0.25279,-0.33680,1.41007,2.55784,1.57235,-0.84849,1.76567,-2.91175
-2.83878,0.37426,-1.85441,-1.29577,-2.53689,-2.84047,-0.50528,-0.43315,0.33196,1.14156,1.09590,1.16384,0.99659,-1.36251,0.37958,0.45587,-0.83290,1.99970,-0.20280,-0.10571
-1.32079,4.10239,0.05305,3.47276,1.26399,-0.01995,-4.55681,-0.09203,0.05391,-3.70742,-0.93245,-0.53212,2.61650,-0.07263,-1.28630,0.99796,0.11416,-1.30451,0.69804,0.58226
0.65857,6.10226,2.09171,2.77444,-2.31192,-0.47151,-2.87406,-0.83343,0.38776,0.94463,3.77690,1.82902,0.49187,1.53584,-1.71414,0.27083,2.02757,-1.11106,1.15836,-1.63434
0.92176,3.60616,-1.41549,0.80552,-0.48504,-0.15850,-0.63466,2.78160,1.07013,2.17600,0.69765,1.18894,-0.56385,-3.88381,0.69501,0.41432,1.77853,2.37383,-2.35230,-1.59336
-0.43451,4.88096,-1.56653,0.81360,-2.56214,-0.59465,-2.44645,1.75125,-0.99786,4.88694,0.90115,1.33977,0.65179,-2.84081,-0.88356,5.60554,1.29918,1.82727,-0.25816,-4.65523
-1.45972,-1.04106,-1.09784,3.07631,0.47531,2.55248,-3.14998,0.94054,1.11929,-1.79113,3.42526,-2.09449,2.23704,-4.09488,1.53822,1.61884,-0.11986,0.88538,-0.04311,-3.04074
2.59856,-0.72751,-1.32384,2.49859,-0.71837,-0.07386,-0.87106,1.87589,0.90385,-0.28451,1.79927,-0.98631,2.43465,-3.47874,0.78996,0.32758,1.48578,-1.45328,1.64235,-1.45316
-2.81250,-4.53395,-2.44162,2.78681,0.88504,1.05743,0.41009,2.48898,-0.47302,-2.05702,-1.56084,1.08499,3.28302,-3.82139,0.47924,-0.05049,2.18199,0.55600,4.28309,-1.89793
-1.82920,2.45011,2.05412,-0.54310,0.90036,-1.06806,-2.48736,1.78050,-1.62458,1.73024,1.39276,0.41783,2.40188,-0.83736,0.48832,3.53531,-0.99118,-0.10731,1.40955,1.48926
-0.96162,-2.04271,-1.47915,4.03095,1.92985,-0.03820,0.49463,-0.95764,4.10818,-2.78920,3.15311,1.21253,1.84529,-4.04623,0.57585,2.45286,0.56114,0.59619,1.72574,-4.02360
0.55794,-1.23527,2.60532,2.68117,1.77062,0.93924,-0.45600,2.86408,-0.04027,-3.90380,-1.00594,-0.95974,5.07450,-3.70858,-1.75933,-0.99756,1.87516,1.64283,0.32663,-5.32214
-1.60917,1.02488,0.11463,1.21199,-0.80961,-1.97047,0.16364,0.18182,0.31991,2.95620,0.70492,-0.56633,-1.68958,-3.27711,0.27022,-0.02344,-0.36296,5.14820,1.66804,-2.04372
1.46499,2.36472,0.50396,-1.17051,-3.41364,-0.24291,-0.50025,2.10026,-2.44680,-0.53118,1.15088,1.03317,0.44292,-5.38924,-1.54150,2.30473,0.50869,-0.57688,0.69315,-2.98841
-4.10743,-2.53382,-3.25550,1.83590,-1.12742,1.91471,-2.77085,3.11945,1.15786,-1.71788,-2.51024,0.78373,2.15473,-3.44910,0.58841,-1.59435,0.79972,-1.32471,3.01659,-0.58525
-1.32446,2.51720,2.71215,-0.24368,-2.27195,2.37659,1.98990,-0.06651,-2.43409,3.36387,-1.23464,-0.07503,3.74410,-1.59690,-0.54389,0.22640,-1.48795,1.63522,-0.27222,-2.59782
1.61035,1.96419,1.07582,-1.33402,-0.23229,-1.51447,-2.74213,0.91450,-0.76341,1.71876,0.18343,2.71241,-1.14613,-2.30516,-3.27563,3.24290,4.25055,-0.88169,1.90935,-1.40969
-2.33419,1.39101,4.52868,0.31050,-1.61863,0.78468,1.26460,2.43914,-0.40302,2.17753,3.37993,0.87557,-1.06655,0.37267,-0.01356,3.53507,1.79448,2.26112,-0.90062,0.54334
2.36885,6.23985,3.17622,0.50446,-1.77818,-1.36697,-0.25982,2.40577,0.39249,1.59018,0.15673,3.80233,2.94290,1.16379,-2.52116,-0.58365,1.08111,0.56997,2.69364,-1.40388
0.54420,-0.55297,-0.62778,-0.54561,-1.99506,1.23147,-0.94126,-2.08955,0.92288,3.50112,2.90279,0.92080,2.41686,-0.13890,-1.28083,1.07529,2.25514,0.98355,-0.69113,-0.41058
-1.39478,-0.46263,-1.86295,-2.63307,0.19654,0.56531,-1.35358,1.51251,0.55010,3.67678,1.21382,-1.27795,3.62111,0.19131,-0.20417,3.11196,-0.62183,3.14444,-0.21567,-2.13984
1.17297,0.18414,0.58090,-0.53439,0.28185,-3.76910,-1.25654,0.55480,-5.77270,0.31131,1.94567,-2.55733,-1.24216,-0.29783,2.55876,1.35257,1.80745,-2.67369,0.47410,-1.60070
0.24704,0.69229,1.13037,2.95511,-1.47399,-0.82245,-1.67019,0.59345,-0.89569,1.68032,3.71336,2.33545,3.50556,0.65665,2.60731,-0.38097,0.79717,-0.33367,4.07261,-3.63218
-1.70945,1.14453,2.89710,-0.56223,1.00335,-2.07112,0.81205,1.65556,-1.46559,3.97668,1.96638,2.58838,2.67713,0.69646,4.84172,0.65761,-0.25720,0.68366,-0.43330,-2.54820
-0.76724,0.47235,-0.03723,3.76813,-0.97842,1.87454,4.08758,1.00002,0.03497,-1.41770,-2.49590,-0.42583,1.28779,-1.41612,0.12770,0.67698,2.85819,1.53766,5.95238,-3.95175
-1.42379,6.43067,1.26710,3.10379,-2.48863,2.25728,-2.77919,1.57431,1.87591,3.25222,6.05077,0.37242,1.77704,1.33419,1.79101,3.04534,2.47989,-0.83060,0.64577,-4.87229
1.15421,1.34237,3.63524,2.78255,-2.05151,0.45121,0.44101,-0.49654,0.05996,1.37715,2.66037,0.35364,0.77456,-1.59536,-0.60106,0.19059,2.30144,1.56550,-1.58940,-1.29254
-1.09343,-3.14844,-3.87340,2.23926,0.11992,0.85323,-2.50610,0.37816,2.45965,-0.25437,-2.63606,0.17499,3.26146,-4.89454,0.21471,-0.33844,-0.12993,1.33017,-1.48045,-1.89088
1.57230,6.09838,0.90304,-0.25947,-0.28536,-1.06834,-1.25472,1.53348,0.05402,1.90424,0.99324,1.80573,2.50989,-2.89930,-2.25434,3.71926,1.68250,-0.06844,0.67873,-2.55011
-2.70082,-1.77536,-3.57165,3.19839,0.15581,0.34166,-0.87848,7.70873,1.04963,-2.61883,-2.24717,0.20810,4.82275,-1.95768,-0.88141,-1.91246,-0.16445,2.81168,1.74436,-1.54628
0.29411,2.89270,-1.51029,0.33142,-3.97833,-0.74682,-2.34234,1.78208,-0.81127,2.48821,2.05584,2.87358,4.28199,0.58057,0.09859,3.50910,-0.72268,-0.05183,-0.93519,-4.04787
-2.64658,1.00636,-0.15374,-4.06463,-0.36561,-4.77548,2.32306,1.13216,2.20552,2.67139,1.08330,-0.68506,0.41143,-0.11078,-2.05190,0.44428,-0.52806,0.69157,1.25168,-0.52129
-1.55408,-0.89679,4.73529,-0.98350,-0.12835,1.11087,1.49152,0.76236,-1.04204,-2.31798,2.84569,-0.54716,-1.36633,-4.79548,1.27053,-1.61580,1.53605,0.48878,-0.03490,-5.30575
-1.05614,2.49850,2.96343,-1.72765,-3.27384,-0.65580,-2.44958,1.58483,2.17705,3.59348,2.00989,1.48969,1.88782,-4.52966,-3.12511,0.73558,-0.16477,-2.84037,0.53610,-5.13061
1.01294,1.33818,-0.05149,1.42498,-0.55486,-1.14185,1.23238,-1.36788,-0.91056,1.63241,2.80268,-1.54385,4.40386,-2.80791,1.11016,3.86050,-0.43062,1.69674,-3.69960,0.17093
0.75333,-1.50538,-2.81101,1.58127,-2.00324,-1.39710,-0.26467,2.52050,-5.35909,-1.32720,0.01602,-0.89598,1.53389,0.27253,-0.39925,1.55015,2.64300,0.19189,0.97778,-1.27822
0.87834,0.95440,0.07549,3.88711,-1.93173,-1.93172,-0.63654,1.94561,0.00133,-2.29422,-4.42605,-1.77958,-0.91513,0.84261,0.63663,0.14319,3.68833,-1.25203,1.66013,-3.03010
-1.06225,0.85517,-1.29889,-1.46806,0.69279,-2.18770,0.06964,-3.62059,-1.22994,2.17986,-0.17767,-0.06974,-0.97891,0.97058,0.31141,-1.02480,-2.10898,2.54905,1.97010,0.06078
0.62223,-0.39191,2.15789,1.75681,0.43019,-1.29447,3.30915,0.95313,-0.97093,2.89886,3.27370,1.58758,0.19020,-0.91772,2.65767,1.50082,2.89451,-0.35153,1.59353,-1.56056
2.42311,5.99984,-0.62917,1.51632,-2.77418,0.61154,-3.90927,3.30569,1.41860,2.93426,4.14275,3.11046,1.18909,1.47715,0.34214,2.84731,3.84122,-2.23583,-0.54047,-3.16025
0.11996,2.68215,1.08184,2.15807,-2.29935,0.75262,-0.67782,0.99300,-0.36079,0.29690,-0.08335,0.84391,1.19991,-0.24610,0.88048,3.89996,2.45632,1.37964,0.72518,-1.52654
1.55974,5.11363,0.89476,1.74276,-0.25088,1.79522,-0.92141,2.75466,2.95820,3.30580,2.80606,2.65952,-0.26283,-0.45483,-0.65799,1.83834,2.37771,1.65614,2.32294,-1.30892
3.29370,2.94687,3.82272,1.31230,-2.46382,1.59518,-1.40321,0.61036,0.25928,1.79940,3.12830,0.75109,-1.46811,-3.58590,1.08483,1.41904,3.54264,-2.42611,3.05527,-1.80889
1.32014,3.91696,-0.83445,-3.04889,-1.31050,1.72888,-2.49042,0.64567,-2.85607,-1.60027,3.19482,1.05641,2.04493,-3.89065,0.49587,0.35790,0.09924,-0.10949,1.99650,-1.54713
0.40054,1.24113,-1.87822,-0.54689,0.09218,1.33204,-4.37707,2.83538,0.26531,2.02799,-0.24549,0.32452,2.65237,-2.46146,-1.67234,0.53636,0.99179,0.86077,0.80309,-2.81706
-1.41887,-1.69992,-0.99599,0.06725,-0.39269,0.06832,0.17319,-0.60877,-0.42683,4.59932,2.83445,-0.27794,-2.51959,0.91298,0.09624,-0.54655,2.41570,1.09389,-0.89923,-1.60248
3.05657,-0.25702,2.37014,0.38278,-0.61280,0.43027,-1.20636,-0.44243,-0.00403,1.41903,5.71050,-1.32128,-0.85258,1.75110,-0.29319,1.31321,3.15670,2.17887,0.52848,-1.25302
0.43687,0.70006,2.74780,1.01866,-0.53878,0.28149,3.09966,0.66994,2.16677,2.21062,5.31416,3.01482,0.34633,-1.07293,-0.67678,3.58724,1.98532,0.00876,2.10516,-6.91541
1.58328,-2.98048,-0.60743,0.10236,0.10045,1.72797,0.93167,3.89840,0.20429,-4.21328,0.26835,0.58063,1.24259,1.98945,0.23807,0.64315,1.37608,3.21093,1.70081,-1.31882
1.39546,3.02670,-0.42934,0.03107,-0.43326,0.44237,-5.13598,1.57778,-0.63057,1.61991,-0.22094,0.52264,-0.33245,-1.79732,-1.98061,0.47825,-3.07376,-0.39825,0.21253,-2.16329
0.26258,2.30457,-1.93851,1.06511,0.93717,0.13765,0.27288,1.30527,1.54605,0.78242,2.87180,2.22903,2.51653,-3.92070,-1.03829,-1.86655,0.08222,-0.56274,2.92796,-2.07716
1.98197,-1.52902,-1.04287,6.09302,-1.14308,2.66540,-0.76510,4.40633,-1.46180,-2.37803,-2.37283,-1.41069,1.94156,0.25138,2.11247,-1.62519,1.54816,-0.46194,-0.89512,0.49852
0.07890,-0.21322,-0.48407,0.41529,1.37546,-0.69447,-1.98238,0.10636,-4.10468,2.60609,-0.59157,1.53199,1.94538,0.31448,1.39191,1.66393,1.47316,-2.19256,1.56955,-2.68962
-1.11912,-5.04071,-1.33207,-0.04135,0.17927,-0.37929,0.48469,4.08981,-1.31323,-2.11105,-1.34001,-0.63886,4.69106,-2.56498,0.22755,2.02518,-0.21623,-1.29839,3.03497,-0.70248
0.58978,0.31659,1.68287,1.16124,-2.18931,0.20633,1.42273,0.73851,-0.54914,-1.95066,-3.08722,0.88201,-0.47580,-1.77579,-0.91902,2.78027,2.09687,0.49528,3.87699,2.09139
1.43542,-0.02533,2.51815,-0.49864,-1.05207,1.04330,0.40375,-0.19551,3.03536,0.23626,2.14685,3.05435,-0.64078,-2.55334,-2.02492,5.29969,3.03401,-1.16817,0.90263,-5.11564
-0.90354,1.02608,-1.45863,-1.20298,1.51583,-0.24007,2.70114,-0.27519,-2.23324,-0.09293,0.43038,0.61000,-1.11601,-0.61690,-0.66218,-1.76087,1.09555,1.25895,2.09801,-3.48777
0.13404,1.07327,0.39676,1.71553,-0.64626,-0.68593,1.52541,0.90032,0.93390,0.50039,3.02674,-1.25763,-1.15029,-2.70332,-0.78862,-0.96136,2.14667,2.05041,-1.31971,-1.19649
0.86378,2.33962,1.16597,-3.05538,-0.35136,0.27072,1.36400,1.16342,0.15580,2.21774,2.87354,0.17141,2.43618,-3.04965,2.06766,1.25055,0.72040,0.14014,1.14315,-2.53214
1.42144,-2.00473,1.82602,-2.26193,-0.43976,-1.77658,0.85350,-0.45573,-2.15416,0.62529,3.29615,-2.06253,2.03746,-0.32172,1.95057,3.28634,-1.69524,1.97435,-0.56161,-3.99984
-1.61377,2.40671,-0.48706,4.03004,-1.90440,-5.72207,-1.01969,0.10113,0.58852,1.37471,3.14551,0.58712,1.18424,0.21753,-1.89260,0.22991,5.92323,1.85130,1.99110,-2.37448
-0.95173,1.47857,-1.66434,-0.59214,0.25777,-1.54647,-0.49051,-1.92992,-2.08499,0.25723,1.85965,-1.23995,-0.07632,-5.33634,0.92523,-0.91482,-0.90589,1.73978,-0.35808,-1.07663
-3.58879,0.78550,-0.54638,1.31216,-3.12612,-1.19131,3.13040,1.67018,1.06215,-2.01578,1.07032,3.22009,-1.89155,-0.44178,0.82876,-0.92153,0.89728,2.78334,-1.71600,-1.48269
-0.46410,0.84974,0.07692,1.64958,-0.77410,-1.57528,-0.30244,4.21763,0.37511,-3.01231,-2.42855,-0.03592,0.02529,-4.10099,-2.27882,0.79097,1.80217,-0.36570,3.48277,-2.88453
1.07794,5.86519,-0.06399,1.55236,-1.77766,-0.22367,-2.24657,2.54181,1.20648,1.76130,1.98543,1.88656,2.50492,-1.44521,-3.91097,0.11575,1.16367,-0.50438,1.26855,-5.26125
1.73332,1.05248,-4.38484,4.89292,1.05791,1.43313,-3.74066,1.53295,-2.48884,-0.66754,-2.99614,0.20496,-0.35466,-2.22792,-1.11320,-0.40009,2.23426,-0.63766,1.31790,-0.34063
2.41577,1.57618,-2.34836,3.17293,-3.09075,0.04297,-3.16595,1.24317,1.82427,-3.16149,-2.49147,2.40636,2.58433,-3.78971,1.24682,1.38301,0.92080,-0.14358,2.50202,-0.56129
0.31712,4.10908,0.75234,-1.04852,-2.37740,-0.67338,-0.03521,2.37827,-0.88054,0.69550,3.71758,0.41927,3.38361,-3.93621,0.05738,0.76325,2.39500,-1.76968,1.98327,-4.54191
0.10536,1.60753,1.68379,0.36670,0.82856,0.86126,2.36443,-0.28849,-2.50934,-0.94728,0.35920,-0.64836,1.24672,-2.77677,1.20379,1.26125,0.41114,4.04584,-1.16408,-3.31070
-3.41318,0.95831,-0.13906,-0.75128,-1.18439,-1.15321,2.59426,2.06639,3.97499,-3.31712,0.76686,-2.64380,0.01954,3.36160,-0.41792,0.55560,-0.83183,1.35740,-1.05861,-2.28835
-0.93478,-0.42337,0.90319,0.79001,-1.89351,-2.27310,3.54777,-0.96169,-2.50239,4.77015,3.93216,2.30316,0.21962,0.76701,0.11800,0.21717,-1.49506,-0.21171,0.11140,-0.80644
0.98284,6.38699,1.81112,0.23423,-1.27210,1.62588,-3.44153,2.22137,1.08750,-1.77962,0.92470,1.14932,-0.56824,-2.41453,1.56891,-1.11905,-0.77605,-0.75682,0.26752,1.80467
1.13069,-1.54115,-0.76175,3.85728,0.08779,-1.43045,-0.82476,0.78450,-1.72594,-3.02901,-5.98465,-3.38014,2.38577,-2.30414,-1.53466,1.19756,0.25764,0.76194,0.31990,0.12681
1.39814,2.71488,1.82302,-1.24026,-3.04671,-2.25028,0.92291,1.61816,1.25784,3.73826,2.71613,0.86428,-1.22426,-0.41575,-0.50832,-1.43501,-4.56109,0.15128,-0.93432,-1.96242
1.14155,2.36027,-0.21312,0.83452,1.24043,-1.45101,-1.92681,1.92372,-0.54856,2.18282,1.83717,0.49202,1.64290,1.50473,0.42184,1.20721,1.43439,-0.27817,2.18636,-3.93148
-2.01258,2.53028,-1.27938,-1.70467,-1.99025,0.01385,-1.81562,0.41405,1.99888,1.52684,1.28177,3.32852,-1.09150,-1.72749,-2.26836,0.02195,1.19663,-0.89702,1.13216,-5.51020
-1.74361,0.21714,-3.76418,3.81761,-1.21126,0.73950,-1.21165,1.51357,0.57166,0.38522,-1.80086,-1.64116,0.98220,-1.63184,-1.37699,-0.32689,3.01994,0.71187,1.36434,-2.58266
-0.81648,1.76380,1.65816,-0.64451,-2.02126,0.20760,-0.01675,1.50712,0.18684,2.22904,0.98317,-1.11934,2.09997,-1.25265,1.92436,0.88049,0.35218,-0.97892,0.75660,-2.43077
0.71183,0.45018,-1.11898,-0.71718,-3.12123,-1.40410,3.58417,-1.11018,-0.22756,1.47891,8.06374,0.49972,2.23985,-1.95377,-2.73439,1.28072,-3.74032,3.10595,0.23889,-3.15868
-1.52767,1.09689,2.28935,-0.04046,0.64423,1.64921,0.15376,3.31734,-0.00750,2.49881,1.88468,0.63781,3.42886,-0.49463,1.48621,2.68579,0.35961,2.51627,-0.22220,2.46899
1.33764,3.88757,-1.07897,4.69098,-2.45722,-1.40787,-1.23634,0.89740,-1.24360,1.49824,0.94145,1.44607,2.03922,-5.64294,-1.42302,2.15237,1.06972,-3.57252,2.37447,-5.74618
0.20937,-0.31327,1.12013,2.28704,0.22878,-2.08909,-0.37656,-0.88886,1.37720,0.65120,2.38600,1.42590,-2.75680,0.06670,0.23440,-1.86825,-0.53007,3.21095,1.09555,-1.94202
-0.39381,0.63810,-0.04166,1.04710,-0.63439,0.86184,1.50463,0.52788,-2.97914,-0.65473,-1.83258,1.72572,0.31296,-0.08561,0.70206,2.13287,2.69641,-0.21878,3.85991,-2.75813
-0.22910,1.82714,1.51655,0.75993,3.58454,-0.46314,-0.84241,1.78415,-1.08894,-2.64471,-2.71339,-2.16888,-0.02220,-3.30124,-1.83926,1.69800,1.37529,2.68896,1.37863,-1.98625
-1.22616,0.72246,2.73073,-2.25578,0.08941,0.56191,0.86757,1.64469,0.55573,2.98242,1.39223,2.57228,3.21177,-3.92792,-3.58009,2.87495,1.82986,-0.83527,0.02226,-3.54161
-0.92051,-2.36841,-0.98450,-1.66501,-1.45719,-1.84133,-1.87223,1.44931,1.93855,2.63863,2.65882,2.37666,-0.42336,-0.26176,-2.04493,4.77707,4.00021,-2.81365,1.62588,-0.77943
-1.37790,0.52783,0.15841,-0.64804,0.20854,-0.93625,0.90663,-0.28603,-1.84554,0.15974,1.45219,-0.15181,0.98631,-3.08118,-3.68644,1.59572,3.63510,0.27579,0.61419,-0.88683
2.50742,-1.39542,-0.35574,2.91121,-1.10491,0.43375,-1.83210,3.52764,1.31263,-0.33763,1.76808,-1.38851,3.91423,-5.19765,0.42042,0.69913,-0.51846,1.10708,0.21340,-3.22925
-0.15144,-1.12909,-0.51669,-0.30219,1.45547,2.78764,-1.16732,-0.40504,-0.79626,1.65376,1.84032,-0.71617,-0.05207,-0.34561,-0.40993,1.40373,0.15501,1.77487,1.56433,-1.63416
2.61062,0.08137,-0.24729,1.01712,-1.99063,-0.46104,-0.31291,-2.52531,-2.39605,2.09561,-2.37143,0.35789,0.27810,-3.39659,1.41307,0.53358,1.17757,3.13478,0.02293,-2.34908
-1.50086,1.20908,-0.61269,-2.29231,-1.79750,-3.52154,-0.83996,-1.12174,0.23174,-0.96197,3.07239,1.43531,4.74776,-4.03835,1.56933,2.45193,-0.76828,1.92020,1.02186,-2.70132
1.60048,0.70564,1.95377,4.03364,-0.95309,-1.79627,2.43054,-0.37470,0.88267,1.04872,3.87893,2.01580,3.57771,-2.58785,1.07342,-0.33971,-1.72137,-1.00404,-2.94213,1.05912
-2.92456,-2.94005,0.46159,1.52425,-0.27093,2.54757,1.75442,2.57314,-0.74342,2.07662,-0.41524,0.92578,1.40377,-1.73289,1.94949,0.14234,0.51122,0.21344,0.19921,-3.89394
-0.06745,1.13686,-0.79379,-0.26455,-2.23612,-2.41404,-0.16985,0.63712,-1.27180,-0.70724,3.97298,-0.41082,1.11124,-0.10917,-3.25560,1.26040,3.19410,1.56889,0.59933,1.74797
-2.58362,-5.88582,-3.70162,6.62990,-1.58026,-0.58755,-1.95179,4.56074,-0.52041,-3.12758,1.25333,-2.59956,1.80078,-2.91339,0.69596,-0.51283,0.13945,-0.12968,6.64834,1.07587
-0.80013,-3.05610,2.34402,-1.31485,-2.83812,-0.45245,-0.45264,1.94800,-0.52026,3.31895,8.30602,1.11587,-0.84978,-3.39087,0.36773,-0.43218,1.92944,0.42238,-1.32708,-0.14774
-0.68577,-0.21914,-2.41948,6.25101,-0.38740,1.10419,1.23749,4.17300,-0.50782,-3.35753,-2.74228,1.01542,-1.47716,-3.56302,0.95124,-1.12699,0.71838,-0.96780,-1.16759,-2.71291
0.34138,-0.65408,-0.30631,0.26937,-2.41356,2.64035,1.48341,4.48621,-2.09892,-3.28574,-1.62246,-2.41250,1.34236,-1.57603,-1.91733,1.53760,0.72764,-1.29760,2.52924,0.01512
0.84536,0.53025,-2.40965,2.01731,0.47863,-0.96056,-2.08530,-0.41730,-0.71338,1.01780,2.74172,-0.98618,2.75199,-4.11844,-1.49742,3.14854,2.17049,-2.74842,0.43417,-4.32123
0.24454,1.72987,-0.31026,0.81866,-1.64229,-3.14905,-0.21087,1.26638,-1.11109,2.36407,0.63670,2.05725,2.58460,-2.67200,-0.42363,1.06451,1.14962,-4.53891,2.74522,-3.09324
0.06800,-1.04547,-0.67906,1.17779,-0.52688,0.53982,2.13574,0.30507,-0.44662,-1.18363,5.23137,-0.52356,-0.95134,-2.16798,2.28838,1.66339,0.42292,3.59720,-0.18954,-2.32842
2.22416,1.44516,4.07379,3.13891,-3.02188,0.81567,-1.38796,1.19172,-0.12062,0.03409,2.07264,3.08685,2.08244,-1.88586,1.31693,2.40088,2.35152,-3.23179,0.66419,-3.48860
-0.10365,4.42316,2.23755,-4.45100,-1.03242,-1.72797,-4.55025,0.70963,2.66791,1.52417,5.20775,2.41470,-0.10777,1.90832,-2.61838,2.03368,3.36297,0.05519,0.38263,-3.23713
0.58796,-0.92042,-2.76578,-0.02400,-2.29806,-2.06866,1.61164,-1.48462,0.98153,0.02088,5.56760,1.94086,-1.45500,-2.36289,-1.03715,-0.40887,-0.47270,2.92708,0.14631,-2.03252
0.84939,-0.84969,-1.29403,4.32324,1.77620,1.60413,-2.65474,4.68801,-0.63616,-0.88022,-2.18603,-1.42050,1.28324,-2.55700,0.34477,-0.18147,2.58770,0.22377,2.89601,-1.47652
-0.44431,3.30529,-0.72504,1.99539,-2.12852,-2.39352,0.77195,-0.55038,-0.45319,1.66522,0.86541,2.47801,2.55851,0.18413,-2.65508,-0.45543,1.89811,2.98111,-3.75399,-0.09849
1.65750,0.52235,2.25031,-0.51088,-1.90359,0.75717,-1.88804,0.60429,-0.22740,0.96312,0.41484,1.08203,-1.74291,-3.37571,0.70364,2.09938,0.86869,-2.40509,-1.47097,-3.80058
-0.31483,-1.71138,0.99086,0.85392,-2.34871,-2.26954,-3.49883,1.44174,0.02470,0.55855,0.54505,1.79112,0.85670,-0.42151,0.71122,-0.08220,1.02977,-1.97431,1.74743,-0.45235
-1.59066,4.07900,-2.30752,0.73646,-0.77793,-2.75458,-1.42945,1.56303,2.47211,3.96957,2.02857,0.05300,0.04576,1.42546,-0.44617,-0.36018,-1.62452,-1.35981,0.68447,-2.66940
2.49345,-0.26813,-0.55192,0.94860,-0.53950,1.07275,3.60956,-3.77082,1.70370,2.47248,8.21012,-1.05064,4.71794,-1.24411,0.70858,-0.23760,0.96944,0.39061,-0.08065,-2.53167
-0.12786,2.68686,0.28438,1.33767,-1.99079,-3.26823,0.84502,2.60970,0.03331,-0.09917,-2.68861,1.61792,2.41367,-1.51626,1.67936,0.24956,-0.53965,-0.28638,1.50725,-1.20288
1.12222,2.89002,0.54272,1.12403,1.42499,-1.23927,-1.45426,3.31417,1.73860,1.06509,1.94453,0.97533,0.53028,0.69668,-1.20361,2.71393,1.36037,-0.74913,0.63374,-5.21084
0.52220,0.68645,1.00422,-1.37430,1.03590,-1.63596,-1.61860,0.17092,-0.28043,-1.29364,1.01404,0.43900,0.53516,-2.50351,0.80013,-0.10827,0.27995,1.86012,-2.66596,-3.07160
-1.11910,-1.60462,-1.10107,0.49322,0.72545,1.01312,1.83177,0.28801,-4.36282,2.70205,4.79484,-0.02085,-0.42972,-4.91464,1.52192,2.74904,-0.38275,1.37603,-1.14329,-1.62114
1.14824,4.51789,0.02589,2.69234,-2.75031,-1.71972,-0.24211,1.71100,1.33192,1.14345,2.36262,0.35945,-0.25561,-0.51461,-2.19805,3.76222,0.54038,-0.32764,1.88296,-2.06762
-0.78314,-2.30678,0.29466,2.33039,-2.75849,-0.11693,0.80055,0.69373,0.77563,2.03654,1.79292,2.12430,3.95030,0.29476,1.55057,-0.68324,1.14481,-0.50734,2.31820,-2.08787
0.10675,0.96777,3.55927,3.10812,-3.00771,-1.80810,-0.40887,-0.46904,0.08910,0.16291,4.28672,1.48618,2.17348,-3.94997,-0.45323,2.34666,-1.93210,4.86108,-2.63532,-3.57587
2.26169,3.02576,5.72389,2.97271,0.48494,-0.81418,-1.73559,2.68398,-0.84663,3.51873,4.93465,4.44925,3.78709,-4.71762,-2.76979,3.42222,0.35915,-1.59445,2.90965,-4.20246
